taxa,8508,175836,55291,62062,245048,28689,337173,57421,99882,127929,337641,9995,9252,30522,59472,30464,56216,46360,9218,68415,9940,39621,89386,1118560,58203,30455,2585813,8665,445787,64802,135184,37079,191816,181839,106582,118154,30521,9880,34880,28377,144197,28724,458196,2585822,190295,34839,450177,241587,51337,47695,9986,797021,7897,227192,254552,9994,227228,8083,667186,52670,85066,2585810,97097,175797,885580,591936,8168,40210,9483,1608454,298831,208069,7764,8663,2529409,9689,38397,1118524,8969,37003,243888,55661,1118748,48426,9595,9407,121530,1961834,202946,283035,9083,176938,317792,98964,10020,176946,28713,38626,59729,8469
8508,0.000000,1.30014,1.1388,1.1615,1.34336,1.24585,1.12492,1.44778,1.3021,1.13107,1.20557,1.15991,1.1671,1.30119,1.18121,1.26632,1.24452,1.00389,1.30605,1.15456,1.23663,1.38625,0.488015,1.06948,1.19395,1.12251,1.23707,1.1843,1.2096,1.31151,1.17071,1.19999,1.28536,1.28368,1.19119,0.0550188,1.00648,1.21251,1.09724,1.11965,1.334,1.21074,1.14542,1.4508,1.29189,1.19582,0.918482,1.39343,1.30556,1.07458,1.25673,1.19291,1.5076,1.15239,1.03716,1.01979,1.28706,0.980818,1.21258,1.08238,0.283486,0.988986,1.216,1.31043,1.53267,1.16424,1.2132,1.4333,1.18385,1.4264,1.18445,1.38007,1.23814,1.08687,0.969224,1.30535,1.16428,1.22732,1.15899,1.08052,1.27782,1.23851,1.1415,1.13631,1.21947,0.479576,1.05255,1.25551,1.06193,1.0575,0.341369,1.21546,1.16913,1.11378,1.48766,1.24766,1.29984,1.10034,1.31596,1.31896
175836,1.30014,0.000000,0.424311,0.448324,1.16597,0.403248,1.14722,1.24561,0.400084,1.15023,1.13066,0.417728,0.965297,1.18564,1.19094,0.439202,0.421909,1.64255,0.412829,1.16746,0.449118,0.461635,1.3907,1.65723,0.621357,1.66551,0.421049,1.00639,0.460834,0.363964,1.58681,0.7657,0.441029,0.453278,0.395234,1.38221,1.03829,0.464808,1.31808,1.04191,0.428974,0.394882,1.54467,0.487771,1.0918,0.428003,0.94578,0.437267,0.428878,1.09843,0.444447,1.35745,1.38407,1.0284,1.36678,1.54709,0.425346,1.45938,0.340338,1.52866,1.24093,1.60063,1.17349,1.27452,1.33692,0.385673,0.318775,1.13215,0.424507,1.31947,0.441417,1.10662,1.12957,1.75349,1.03667,0.471006,1.28025,0.436653,0.394981,1.18048,0.427409,0.402194,1.53644,1.50033,0.358051,1.40398,1.34686,0.414204,1.16623,1.41665,1.31769,1.01465,0.960646,1.14019,1.59857,0.364466,1.10073,0.989627,0.415166,0.455365
55291,1.1388,0.424311,0.000000,0.380769,1.17463,0.403043,1.11207,1.15735,0.380937,1.07479,1.09261,0.385998,0.910353,1.06858,1.08894,0.444338,0.376202,1.49467,0.415969,1.12487,0.426055,0.415287,1.26748,1.49015,0.617122,1.59684,0.388854,0.939668,0.416271,0.416924,1.3607,0.784649,0.401573,0.428112,0.333958,1.25248,0.924656,0.334386,1.20013,0.974675,0.404287,0.387647,1.35574,0.437239,0.964466,0.404751,0.892901,0.390665,0.393551,0.970236,0.417348,1.28557,1.49228,0.947562,1.28426,1.43768,0.40311,1.41469,0.383139,1.39087,1.12159,1.54847,1.10431,1.16797,1.16265,0.38121,0.472454,1.01091,0.399869,1.22761,0.392957,1.02772,1.08657,1.63214,0.92226,0.430726,1.21122,0.403694,0.391506,1.03533,0.383084,0.392102,1.29484,1.29259,0.395314,1.2546,1.15072,0.388795,1.01099,1.36174,1.2042,0.952805,0.898924,1.09517,1.49613,0.446264,0.970194,0.935759,0.402712,0.417823
62062,1.1615,0.448324,0.380769,0.000000,1.34412,0.394927,1.17868,1.25352,0.402361,1.16421,1.14917,0.320126,0.992317,1.26679,1.18337,0.441645,0.430977,1.57586,0.437862,1.21283,0.418315,0.406882,1.34314,1.62802,0.627939,1.66341,0.389821,1.01725,0.16325,0.417414,1.48993,0.84648,0.303819,0.430209,0.409919,1.32003,1.0109,0.425909,1.32075,1.05347,0.424442,0.3925,1.47576,0.383945,1.05819,0.411955,0.975687,0.418019,0.409476,1.0936,0.413263,1.37786,1.49225,1.04872,1.39892,1.54506,0.383922,1.46412,0.401288,1.48534,1.21301,1.64675,1.19704,1.30952,1.20727,0.364771,0.514642,1.11017,0.327726,1.31895,0.329422,1.12611,1.13211,1.69054,0.98062,0.432482,1.31684,0.434906,0.378891,1.14149,0.35242,0.398833,1.46358,1.4176,0.412099,1.31767,1.25758,0.353711,1.1357,1.44915,1.29723,1.02055,0.993469,1.1517,1.67486,0.465052,1.06071,0.98563,0.402526,0.349119
245048,1.34336,1.16597,1.17463,1.34412,0.000000,1.1992,0.923486,1.14202,1.17327,0.889137,0.927364,1.19591,0.839666,0.306419,0.972539,1.26915,1.14472,1.14862,1.22176,0.917232,1.1887,1.29353,1.22229,1.2927,1.12801,1.21701,1.17694,0.931065,1.15974,1.28581,1.25247,0.768255,1.24117,1.22805,1.02627,1.23376,0.913594,1.17669,1.16588,0.867266,1.16112,1.17244,1.21738,1.30398,0.870176,1.1724,0.818687,1.32803,1.2253,0.942083,1.27,1.13111,0.0979603,0.898794,1.06904,1.19327,1.25945,1.10854,1.22043,1.13873,1.08597,1.07797,0.885045,1.09925,0.246216,1.13354,1.1093,1.34033,1.14819,1.41056,1.22759,1.02016,0.947088,1.24914,0.910611,1.27919,1.03879,1.26107,1.15579,1.09979,1.18521,1.22923,1.28546,1.27084,1.19328,1.2087,1.07423,1.15642,0.915001,1.13386,1.20781,0.873967,0.933142,0.929118,1.10317,1.15063,0.885524,0.847122,1.2176,1.1689
28689,1.24585,0.403248,0.403043,0.394927,1.1992,0.000000,1.19897,1.2837,0.389102,1.17948,1.16873,0.388441,1.02558,1.20987,1.20978,0.366913,0.435084,1.65536,0.3883,1.21194,0.4027,0.393824,1.42303,1.63801,0.584294,1.73886,0.366674,1.04247,0.405961,0.367858,1.52101,0.869063,0.396684,0.416961,0.407023,1.36728,1.03131,0.422611,1.39906,1.05436,0.383005,0.385593,1.47693,0.440422,1.11833,0.344658,0.980503,0.417437,0.417786,1.10328,0.405897,1.43367,1.5016,1.09684,1.43313,1.63403,0.387069,1.5029,0.368733,1.59028,1.22178,1.67619,1.22044,1.36389,1.26184,0.187029,0.460983,1.21867,0.393711,1.27003,0.398421,1.16739,1.16651,1.7635,1.05391,0.426336,1.31948,0.425481,0.209807,1.21254,0.399315,0.225169,1.52757,1.44932,0.358577,1.38539,1.3394,0.370738,1.2017,1.49917,1.31757,1.10038,1.00799,1.16236,1.6115,0.414786,1.12021,1.01506,0.39349,0.427948
337173,1.12492,1.14722,1.11207,1.17868,0.923486,1.19897,0.000000,0.662113,1.16864,0.737257,0.375665,1.05989,0.708444,0.888666,0.756709,1.19026,1.00017,1.36127,1.11472,0.338209,1.15393,1.20554,1.07401,1.34958,0.933787,1.39014,1.07005,0.580047,1.13705,1.13508,1.28857,0.712069,1.07306,1.18254,0.979959,1.04453,0.702338,1.14265,1.10683,0.366224,1.14499,1.11457,1.28136,1.2395,0.747101,1.18345,0.583722,1.19845,1.13584,0.705752,1.14626,0.892755,1.12106,0.713009,1.10081,1.21539,1.1277,1.09306,1.14345,1.20268,1.01715,1.30399,0.772939,0.799988,1.12882,1.07889,1.09918,1.07881,1.05349,1.12429,1.15921,0.380019,0.673268,1.39373,0.773077,1.22052,0.837608,1.20309,1.09026,0.897477,1.0442,1.15349,1.318,1.24332,1.16064,1.05448,0.988862,1.15794,0.864599,1.11337,1.04226,0.698609,0.573701,0.32831,1.01205,1.27625,0.770704,0.629302,1.08695,1.19636
57421,1.44778,1.24561,1.15735,1.25352,1.14202,1.2837,0.662113,0.000000,1.23614,0.841166,0.687276,1.12949,0.876051,1.16996,0.916285,1.25527,1.07125,1.4602,1.24675,0.660218,1.22869,1.30779,1.477,1.56271,1.07308,1.61274,1.18868,0.372891,1.18497,1.25325,1.70292,0.840045,1.20387,1.27734,1.04763,1.42798,0.798404,1.20938,1.45061,0.65991,1.22332,1.19614,1.65538,1.37155,1.01521,1.27071,0.564303,1.30419,1.23312,0.825461,1.25427,1.02804,1.35331,0.920492,1.38482,1.42635,1.2052,1.3548,1.21886,1.46908,1.28613,1.45226,0.897782,1.11736,1.38144,1.15534,1.20402,1.54281,1.14225,1.61939,1.20723,0.773641,0.675118,1.61676,1.03083,1.2849,0.940885,1.25179,1.17698,1.24505,1.184,1.23616,1.64715,1.69859,1.25382,1.47832,1.25593,1.20625,1.15352,1.39977,1.38101,0.857772,0.384111,0.645333,1.12501,1.32561,1.02921,0.6268,1.20897,1.26931
99882,1.3021,0.400084,0.380937,0.402361,1.17327,0.389102,1.16864,1.23614,0.000000,1.21202,1.21337,0.337081,1.03849,1.27196,1.22908,0.419583,0.445383,1.65315,0.392584,1.24811,0.356156,0.364359,1.41206,1.69443,0.642167,1.71207,0.333361,1.06419,0.403855,0.387448,1.50125,0.819161,0.385924,0.343411,0.400804,1.40786,1.07249,0.406662,1.38133,1.09135,0.330456,0.274658,1.52975,0.462968,1.15357,0.411023,1.01735,0.320455,0.339599,1.12948,0.345413,1.46551,1.56381,1.12922,1.49638,1.60453,0.324496,1.58447,0.35059,1.51867,1.27283,1.74102,1.26987,1.41193,1.32862,0.377592,0.497122,1.18336,0.395122,1.43151,0.380561,1.20243,1.18615,1.72647,1.06983,0.35475,1.39837,0.335184,0.380532,1.2231,0.396439,0.364837,1.51809,1.45509,0.343561,1.40797,1.36721,0.365723,1.16903,1.56345,1.35222,1.10677,1.03462,1.21952,1.67642,0.398096,1.12444,1.04192,0.340746,0.375181
127929,1.13107,1.15023,1.07479,1.16421,0.889137,1.17948,0.737257,0.841166,1.21202,0.000000,0.778353,1.04539,0.350618,1.00606,0.845107,1.13072,1.00501,1.18658,1.15076,0.748891,1.11006,1.20259,1.2265,1.27273,1.00493,1.40233,1.06884,0.746228,1.09122,1.13319,1.34467,0.78792,1.1395,1.13338,0.954417,1.13852,0.757668,1.12885,1.17619,0.720207,1.14139,1.09268,1.29807,1.25521,0.402506,1.1108,0.66253,1.1897,1.16459,0.791152,1.14674,0.937192,1.06003,0.637452,1.03364,1.12046,1.08423,1.02282,1.11877,1.22887,1.07971,1.05517,0.246363,0.920785,1.08786,1.0771,1.05359,1.2628,1.0546,1.43556,1.11495,0.867977,0.773663,1.34441,0.833574,1.17704,0.874051,1.10649,1.02597,1.03899,1.11968,1.10286,1.33047,1.32849,1.10751,1.20629,1.03861,1.12272,0.857619,1.08622,1.15525,0.602928,0.730687,0.744001,1.02393,1.20295,0.377928,0.724841,1.13882,1.15834
337641,1.20557,1.13066,1.09261,1.14917,0.927364,1.16873,0.375665,0.687276,1.21337,0.778353,0.000000,1.02402,0.720535,0.972821,0.786098,1.18809,0.986802,1.3444,1.10217,0.371293,1.11508,1.20604,1.16766,1.32495,0.934625,1.45875,1.05888,0.599136,1.13242,1.11089,1.29296,0.715069,1.08053,1.16021,0.960015,1.12882,0.714617,1.12907,1.1068,0.383105,1.15408,1.08978,1.32584,1.21046,0.773881,1.1684,0.590742,1.19819,1.12772,0.751695,1.13783,0.9177,1.1749,0.748265,1.1026,1.31584,1.08675,1.15042,1.12053,1.30348,1.03468,1.28946,0.788957,0.874479,1.09646,1.05299,1.0751,1.15585,1.04144,1.13777,1.13729,0.425666,0.646625,1.45588,0.821551,1.18827,0.840785,1.1631,1.07414,0.968933,1.05834,1.1262,1.29472,1.28815,1.14282,1.14226,1.00581,1.13442,0.927392,1.17614,1.13673,0.731608,0.590739,0.36113,0.989336,1.25431,0.770124,0.606458,1.11063,1.17123
9995,1.15991,0.417728,0.385998,0.320126,1.19591,0.388441,1.05989,1.12949,0.337081,1.04539,1.02402,0.000000,0.951264,1.17965,1.12434,0.388955,0.431254,1.54856,0.379495,1.14452,0.383012,0.398832,1.27087,1.57622,0.61137,1.63633,0.365728,0.954877,0.313482,0.399541,1.42768,0.825523,0.28048,0.381516,0.392959,1.2849,0.963774,0.388637,1.28291,0.976254,0.370321,0.347904,1.42156,0.373539,1.00193,0.404917,0.907574,0.347827,0.330149,1.01497,0.378151,1.32681,1.49559,1.02161,1.36358,1.47421,0.356783,1.4432,0.377393,1.43739,1.16359,1.60607,1.15228,1.25874,1.20448,0.360545,0.483727,1.10772,0.316778,1.29504,0.301892,1.07677,1.06239,1.66767,0.938678,0.391658,1.26003,0.385832,0.37497,1.09893,0.32089,0.36365,1.4648,1.35808,0.370551,1.27678,1.23997,0.315272,1.08578,1.40916,1.25154,1.0006,0.935428,1.10027,1.57205,0.424908,1.03335,0.930544,0.367972,0.297488
9252,1.1671,0.965297,0.910353,0.992317,0.839666,1.02558,0.708444,0.876051,1.03849,0.350618,0.720535,0.951264,0.000000,1.065,0.774452,0.923123,0.861517,1.01513,1.00016,0.713021,0.963487,1.03679,1.26152,1.14641,0.872014,1.24447,0.954618,0.733621,0.906758,0.971811,1.33446,0.75986,0.974803,1.01592,0.824281,1.14802,0.733235,0.92436,1.10885,0.698155,1.00829,0.926585,1.30708,1.08828,0.294354,0.94601,0.653164,1.06948,1.07139,0.772356,1.0151,0.820573,1.08689,0.666811,1.00882,1.0231,0.961643,0.949632,0.924044,1.10022,1.02652,0.974962,0.364823,0.960462,1.08604,0.927485,0.861422,1.11711,0.941165,1.45266,0.918988,0.836692,0.754382,1.17839,0.813152,1.01734,0.781482,0.966842,0.883615,1.03035,0.987763,0.983447,1.238,1.33352,0.964013,1.18929,0.940747,0.962909,0.81497,1.00576,1.09293,0.632288,0.731354,0.73882,0.871307,1.02717,0.267519,0.713339,0.973409,1.01044
30522,1.30119,1.18564,1.06858,1.26679,0.306419,1.20987,0.888666,1.16996,1.27196,1.00606,0.972821,1.17965,1.065,0.000000,0.907674,1.10223,0.97915,0.900351,10.000000,0.839073,1.28278,1.21444,0.952733,1.04533,1.01453,1.14858,1.07811,0.958689,1.16204,1.0453,1.10879,0.910231,1.03195,10.000000,0.921084,1.14395,0.881917,1.17899,1.01762,0.873048,1.40877,1.21283,1.15218,1.29856,1.04169,1.09983,0.735113,0.199824,10.000000,0.904415,1.41209,1.12774,0.229748,0.907068,1.05749,0.968156,1.07676,1.06533,1.23532,1.04256,0.997744,1.08517,1.01089,1.47954,0.245174,1.13127,1.031,1.30599,1.10473,1.04295,1.06357,1.60478,1.76039,1.07218,0.833811,1.0538,1.14696,1.1325,0.985444,1.22286,1.10485,1.21972,1.19006,1.0688,1.33637,0.993068,1.13281,1.20183,0.92018,1.09122,1.10473,0.877493,1.03567,0.846199,1.54667,1.19757,0.970883,0.89561,1.04442,1.1043
59472,1.18121,1.19094,1.08894,1.18337,0.972539,1.20978,0.756709,0.916285,1.22908,0.845107,0.786098,1.12434,0.774452,0.907674,0.000000,1.15473,0.999355,1.09712,1.19781,0.771321,1.09742,1.17813,1.12861,1.19344,1.00392,1.3016,1.08647,0.791782,1.06937,1.15892,1.30665,0.761213,1.14551,1.18757,0.96298,1.14393,0.757846,1.09096,1.08718,0.754945,1.15405,1.0789,1.2139,1.21405,0.84326,1.10132,0.668666,1.18228,1.16296,0.790642,1.13461,0.519509,1.14967,0.773049,1.05277,1.06437,1.09327,1.00608,1.12861,1.13562,0.98858,1.08848,0.8625,0.972415,1.0522,1.05684,1.08603,1.18689,1.05113,1.27919,1.11126,0.850855,0.794633,1.20372,0.593919,1.16453,0.486731,1.0982,1.05732,0.7767,1.11478,1.12811,1.24903,1.21235,1.16175,1.11426,0.771843,1.12576,0.854606,1.07093,1.10771,0.775792,0.78358,0.748559,0.53634,1.21047,0.883942,0.708228,1.11645,1.17996
30464,1.26632,0.439202,0.444338,0.441645,1.26915,0.366913,1.19026,1.25527,0.419583,1.13072,1.18809,0.388955,0.923123,1.10223,1.15473,0.000000,0.48717,1.73029,0.408745,1.29483,0.453729,0.478413,1.43477,1.75995,0.643343,1.81461,0.431589,1.09584,0.45113,0.425584,1.55266,0.915374,0.417555,0.472965,0.44656,1.4303,1.09811,0.458782,1.42056,1.15291,0.446328,0.418252,1.56014,0.497427,1.06316,0.308101,1.06769,0.438184,0.424437,1.1576,0.453036,1.49399,1.60275,1.11692,1.50841,1.68056,0.427574,1.6466,0.40821,1.5983,1.27847,1.81516,1.28604,1.39631,1.30226,0.333678,0.537755,1.21639,0.436385,1.39529,0.413414,1.21867,1.24315,1.81539,1.03558,0.465571,1.41166,0.444721,0.353955,1.20275,0.424812,0.33105,1.59678,1.52397,0.389466,1.41944,1.37503,0.423826,1.21766,1.60292,1.40472,1.09489,1.05149,1.27351,1.7361,0.438442,1.16201,1.10147,0.412051,0.447359
56216,1.24452,0.421909,0.376202,0.430977,1.14472,0.435084,1.00017,1.07125,0.445383,1.00501,0.986802,0.431254,0.861517,0.97915,0.999355,0.48717,0.000000,1.47223,0.455902,1.03656,0.459625,0.474016,1.26917,1.5304,0.602425,1.56166,0.434708,0.925694,0.439744,0.444108,1.39642,0.745336,0.431461,0.471354,0.289428,1.29253,0.897251,0.406602,1.19574,0.899502,0.447729,0.423043,1.3551,0.496755,0.968629,0.475607,0.843664,0.445098,0.424842,0.955499,0.454709,1.21025,1.27451,0.941913,1.26508,1.42944,0.434343,1.32379,0.436458,1.37415,1.15464,1.52989,1.04076,1.19883,1.14932,0.407329,0.451608,1.06593,0.43585,1.19354,0.448578,0.98572,1.00275,1.62015,0.913603,0.47364,1.14888,0.457689,0.427637,1.07142,0.427002,0.441895,1.42599,1.34201,0.429546,1.25697,1.1836,0.424617,1.05565,1.30316,1.28094,0.942238,0.873406,1.00478,1.36838,0.493794,0.969211,0.879308,0.449673,0.46449
46360,1.00389,1.64255,1.49467,1.57586,1.14862,1.65536,1.36127,1.4602,1.65315,1.18658,1.3444,1.54856,1.01513,0.900351,1.09712,1.73029,1.47223,0.000000,1.51814,1.4264,1.58038,1.59954,1.08826,0.802673,1.44055,0.885466,1.55717,1.27224,1.55876,1.6077,0.72259,1.1005,1.52288,1.56644,1.45819,1.0575,0.909943,1.50861,0.568722,1.27525,1.59441,1.57551,0.723658,1.72777,1.14337,1.6634,1.073,1.59196,1.53963,0.975823,1.55345,1.28987,1.38307,0.910732,0.579647,0.636652,1.52352,0.606842,1.58058,0.791655,0.944737,0.564535,1.1987,1.44477,1.39142,1.52455,1.66827,1.34878,1.54854,0.92505,1.58792,1.32314,1.34476,0.798738,0.869348,1.64939,1.25443,1.62371,1.51873,1.01142,1.42541,1.60725,0.724915,0.666292,1.6453,1.04851,1.11859,1.61812,0.8126,0.604241,1.06783,0.91435,1.22287,1.38218,1.4928,1.69113,1.07691,1.22959,1.4614,1.59167
9218,1.30605,0.412829,0.415969,0.437862,1.22176,0.3883,1.11472,1.24675,0.392584,1.15076,1.10217,0.379495,1.00016,10.000000,1.19781,0.408745,0.455902,1.51814,0.000000,1.15522,0.424025,0.4412,1.40455,1.62001,0.61254,1.71322,0.399882,1.04423,0.434783,0.400113,1.53047,0.863395,0.417713,0.392583,0.419169,1.37083,1.00632,0.446638,1.3701,1.03797,0.411069,0.393372,1.51772,0.479131,1.12191,0.38883,0.946098,0.386454,0.391123,1.07807,0.419051,1.39748,1.36145,1.07664,1.43156,1.52379,0.410935,1.47086,0.388558,1.51358,1.22784,1.6404,1.22056,1.34976,1.23505,0.371562,0.470175,1.1948,0.419457,1.46798,0.416967,1.11238,1.11512,1.73171,1.00224,0.433535,1.30746,0.424138,0.370808,1.17732,0.408935,0.37874,1.52763,1.47549,0.380353,1.38038,1.33101,0.399114,1.13912,1.50374,1.32099,1.04971,0.987201,1.14457,1.55234,0.422781,1.1291,0.993276,0.394959,0.412571
68415,1.15456,1.16746,1.12487,1.21283,0.917232,1.21194,0.338209,0.660218,1.24811,0.748891,0.371293,1.14452,0.713021,0.839073,0.771321,1.29483,1.03656,1.4264,1.15522,0.000000,1.16442,1.23446,1.13405,1.38797,0.970306,1.43306,1.10404,0.601104,1.20752,1.16355,1.33096,0.719093,1.11553,1.21776,1.01171,1.12015,0.702436,1.18277,1.09758,0.367018,1.18074,1.14734,1.28617,1.26124,0.769532,1.2217,0.587928,1.24855,1.1608,0.724408,1.17648,0.917923,1.14352,0.708712,1.12105,1.28036,1.14614,1.14154,1.16978,1.27386,1.04608,1.33591,0.7888,0.828544,1.11346,1.1188,1.13991,1.14778,1.07408,1.14788,1.19906,0.38344,0.647754,1.42524,0.795723,1.23158,0.835893,1.23544,1.13005,0.964995,1.06792,1.18694,1.3467,1.28053,1.1949,1.09731,1.06741,1.18058,0.8661,1.15701,1.09352,0.719727,0.598071,0.235746,1.00924,1.30038,0.754296,0.616176,1.13631,1.22472
9940,1.23663,0.449118,0.426055,0.418315,1.1887,0.4027,1.15393,1.22869,0.356156,1.11006,1.11508,0.383012,0.963487,1.28278,1.09742,0.453729,0.459625,1.58038,0.424025,1.16442,0.000000,0.186856,1.40097,1.69034,0.658365,1.77091,0.222845,1.05096,0.426171,0.413917,1.53552,0.840657,0.392782,0.221622,0.431256,1.42471,1.05072,0.4579,1.39731,1.07948,0.212006,0.351539,1.5217,0.498414,1.11485,0.450525,0.995522,0.413777,0.40028,1.13724,0.203069,1.42979,1.56215,1.1029,1.49336,1.61128,0.191198,1.56469,0.41404,1.50294,1.1818,1.71802,1.26057,1.37994,1.32282,0.391992,0.522323,1.23182,0.417776,1.41928,0.429282,1.1739,1.17364,1.76459,1.06185,0.196098,1.34148,0.403932,0.381651,1.18926,0.423476,0.411299,1.5433,1.45742,0.396343,1.40517,1.33019,0.424922,1.18304,1.53293,1.33715,1.07765,1.02573,1.1912,1.5894,0.473504,1.1379,1.02447,0.232351,0.443238
39621,1.38625,0.461635,0.415287,0.406882,1.29353,0.393824,1.20554,1.30779,0.364359,1.20259,1.20604,0.398832,1.03679,1.21444,1.17813,0.478413,0.474016,1.59954,0.4412,1.23446,0.186856,0.000000,1.50022,1.73465,0.658796,1.78854,0.232678,1.10926,0.426484,0.42975,1.62224,0.867751,0.405953,0.205306,0.432941,1.5162,1.09227,0.462468,1.44652,1.11552,0.203002,0.355755,1.61053,0.495147,1.19756,0.430954,1.04209,0.421123,0.414337,1.1871,0.18904,1.52571,1.60939,1.14808,1.54457,1.63852,0.183084,1.60068,0.419169,1.59756,1.29531,1.75976,1.33375,1.49285,1.34037,0.396448,0.539787,1.27289,0.42364,1.47725,0.442077,1.24545,1.21426,1.8149,1.08954,0.183623,1.41091,0.411349,0.382123,1.26134,0.430909,0.415271,1.63862,1.53658,0.404692,1.50586,1.4011,0.406891,1.22148,1.60217,1.42519,1.1306,1.0691,1.23848,1.69709,0.46415,1.21678,1.06985,0.229738,0.45844
89386,0.488015,1.3907,1.26748,1.34314,1.22229,1.42303,1.07401,1.477,1.41206,1.2265,1.16766,1.27087,1.26152,0.952733,1.12861,1.43477,1.26917,1.08826,1.40455,1.13405,1.40097,1.50022,0.000000,1.15152,1.2187,1.32609,1.27642,1.29347,1.24776,1.36887,1.41545,1.21557,1.39758,1.38726,1.16595,0.517833,1.06233,1.32127,1.15515,1.06199,1.39056,1.24758,1.30621,1.50881,1.51982,1.33266,0.986387,1.36756,1.42437,1.14311,1.40428,1.24019,1.559,1.28884,1.13301,1.10024,1.2866,1.07313,1.32847,1.18674,0.477835,1.02932,1.37621,1.47933,1.51171,1.26937,1.29706,1.5052,1.28708,1.56223,1.28528,1.438,1.24522,1.15763,1.08705,1.4189,1.18287,1.3497,1.21407,1.28416,1.38528,1.38224,1.29585,1.36012,1.32392,0.172106,1.18316,1.3695,1.12601,1.1559,0.474939,1.29891,1.25038,1.12188,1.35799,1.35461,1.49385,1.13287,1.3171,1.32542
1118560,1.06948,1.65723,1.49015,1.62802,1.2927,1.63801,1.34958,1.56271,1.69443,1.27273,1.32495,1.57622,1.14641,1.04533,1.19344,1.75995,1.5304,0.802673,1.62001,1.38797,1.69034,1.73465,1.15152,0.000000,1.47056,0.777553,1.54481,1.335,1.5516,1.57695,0.42945,1.18924,1.5667,1.61066,1.4676,1.13832,1.10112,1.51396,0.682173,1.24866,1.59239,1.56592,0.442873,1.6956,1.25872,1.59109,1.14242,1.65353,1.55465,1.10697,1.6118,1.33701,1.59663,1.11879,0.704298,0.799665,1.55783,0.716035,1.6249,0.985399,1.06466,0.728034,1.29786,1.53237,1.48785,1.5141,1.59216,1.52071,1.50047,1.00437,1.60699,1.46916,1.37883,0.899731,1.03878,1.67412,1.34636,1.66391,1.5294,0.813062,1.48801,1.60056,0.445198,0.41048,1.64266,1.14345,0.956949,1.59489,1.0377,0.733201,1.13282,1.09696,1.32214,1.33396,1.47646,1.70375,1.2152,1.23509,1.50726,1.64174
58203,1.19395,0.621357,0.617122,0.627939,1.12801,0.584294,0.933787,1.07308,0.642167,1.00493,0.934625,0.61137,0.872014,1.01453,1.00392,0.643343,0.602425,1.44055,0.61254,0.970306,0.658365,0.658796,1.2187,1.47056,0.000000,1.53513,0.62213,0.90081,0.6426,0.589993,1.36497,0.706158,0.604712,0.636816,0.591025,1.32837,0.914631,0.623676,1.27991,0.872272,0.608306,0.570438,1.37251,0.613864,0.985169,0.603735,0.828535,0.637429,0.610391,0.956371,0.636642,1.19254,1.29112,0.932452,1.23571,1.41799,0.601921,1.30597,0.601909,1.36801,1.1213,1.43114,1.06847,1.20568,1.15301,0.512356,0.647806,1.13458,0.599094,1.21389,0.641833,0.987576,0.947678,1.52374,0.955254,0.659408,1.15616,0.660152,0.5464,1.03585,0.57423,0.577664,1.41088,1.35042,0.578157,1.27568,1.16349,0.581581,1.09335,1.29669,1.24743,0.924873,0.852768,0.959602,1.35804,0.691569,0.961671,0.828695,0.539359,0.666264
30455,1.12251,1.66551,1.59684,1.66341,1.21701,1.73886,1.39014,1.61274,1.71207,1.40233,1.45875,1.63633,1.24447,1.14858,1.3016,1.81461,1.56166,0.885466,1.71322,1.43306,1.77091,1.78854,1.32609,0.777553,1.53513,0.000000,1.68542,1.42638,1.61293,1.67551,0.708986,1.30184,1.7022,1.7479,1.55903,1.23599,1.15975,1.62491,0.800847,1.34981,1.74803,1.64916,0.795331,1.75678,1.39192,1.7354,1.16606,1.77532,1.66866,1.14935,1.74212,1.48419,1.4324,1.17039,0.86562,0.858386,1.6947,0.821344,1.66852,0.867146,1.1067,0.812606,1.49754,1.58607,1.48683,1.61823,1.62991,1.50832,1.6329,0.996999,1.63712,1.52142,1.49331,0.529951,1.09549,1.7625,1.36833,1.71065,1.64529,1.05949,1.64945,1.69952,0.830037,0.708384,1.72292,1.30771,1.17474,1.71382,1.03976,0.876893,1.21572,1.13555,1.38369,1.44817,1.58547,1.73557,1.42312,1.3223,1.61957,1.6861
2585813,1.23707,0.421049,0.388854,0.389821,1.17694,0.366674,1.07005,1.18868,0.333361,1.06884,1.05888,0.365728,0.954618,1.07811,1.08647,0.431589,0.434708,1.55717,0.399882,1.10404,0.222845,0.232678,1.27642,1.54481,0.62213,1.68542,0.000000,1.00979,0.392924,0.385187,1.48981,0.800156,0.380832,0.239371,0.395651,1.34199,1.02825,0.379026,1.34295,1.02218,0.228923,0.330174,1.49202,0.427925,1.051,0.40261,0.951389,0.374923,0.372658,1.0847,0.23682,1.35225,1.48747,1.07683,1.42452,1.55153,0.211097,1.47615,0.390896,1.52021,1.16083,1.68199,1.18793,1.29167,1.24895,0.369078,0.486981,1.13753,0.391274,1.35554,0.406746,1.12753,1.11228,1.72348,1.00341,0.227532,1.31069,0.374188,0.366318,1.13757,0.40105,0.385733,1.4922,1.42744,0.371808,1.32471,1.27568,0.366336,1.13113,1.49162,1.25976,1.04808,0.976543,1.10409,1.53438,0.439184,1.09869,0.973859,0.237425,0.417769
8665,1.1843,1.00639,0.939668,1.01725,0.931065,1.04247,0.580047,0.372891,1.06419,0.746228,0.599136,0.954877,0.733621,0.958689,0.791782,1.09584,0.925694,1.27224,1.04423,0.601104,1.05096,1.10926,1.29347,1.335,0.90081,1.42638,1.00979,0.000000,0.936483,0.998786,1.4288,0.705868,0.975508,1.05083,0.859201,1.18085,0.654077,0.937651,1.22333,0.576481,1.02391,0.961822,1.40334,1.09754,0.824893,0.996581,0.50611,1.04979,1.00002,0.711082,1.01554,0.908267,1.13053,0.783065,1.16502,1.2386,0.970805,1.13564,0.997425,1.23704,1.11982,1.21284,0.77811,0.917465,1.14397,0.93607,0.945361,1.20541,0.934238,1.37075,0.946281,0.644817,0.590339,1.37026,0.862051,1.0342,0.833939,0.989253,0.938525,1.11066,0.949438,1.01817,1.39206,1.38367,1.00048,1.22038,1.05911,0.97289,0.930377,1.1778,1.15591,0.746954,0.194047,0.572897,0.970718,1.03889,0.844857,0.558284,0.98695,0.999447
445787,1.2096,0.460834,0.416271,0.16325,1.15974,0.405961,1.13705,1.18497,0.403855,1.09122,1.13242,0.313482,0.906758,1.16204,1.06937,0.45113,0.439744,1.55876,0.434783,1.20752,0.426171,0.426484,1.24776,1.5516,0.6426,1.61293,0.392924,0.936483,0.000000,0.438299,1.50744,0.771737,0.296855,0.428507,0.424655,1.31864,0.99397,0.436575,1.28051,1.05034,0.417269,0.400509,1.45139,0.39351,1.04646,0.451677,0.978191,0.427318,0.404363,1.07896,0.411367,1.38353,1.48501,1.02672,1.37825,1.5751,0.387765,1.46165,0.42473,1.4877,1.22359,1.68704,1.18909,1.29581,1.20639,0.377343,0.530325,1.04704,0.338932,1.31231,0.339423,1.12192,1.14634,1.68003,0.966894,0.439041,1.31932,0.441661,0.396134,1.11756,0.36106,0.403462,1.4417,1.39608,0.42312,1.29612,1.24594,0.367757,1.10129,1.43413,1.29385,1.01386,0.969983,1.18162,1.66746,0.489956,1.05069,0.995476,0.410222,0.343218
64802,1.31151,0.363964,0.416924,0.417414,1.28581,0.367858,1.13508,1.25325,0.387448,1.13319,1.11089,0.399541,0.971811,1.0453,1.15892,0.425584,0.444108,1.6077,0.400113,1.16355,0.413917,0.42975,1.36887,1.57695,0.589993,1.67551,0.385187,0.998786,0.438299,0.000000,1.50529,0.87045,0.416604,0.421383,0.427203,1.39563,1.02334,0.447805,1.3665,1.07171,0.400899,0.383623,1.44774,0.47597,1.10545,0.394928,0.977114,0.416308,0.4172,1.1082,0.410906,1.39418,1.57586,1.07272,1.43425,1.59646,0.393788,1.52293,0.325927,1.5431,1.23468,1.64554,1.20801,1.41045,1.30138,0.361293,0.43438,1.15673,0.410679,1.42231,0.417955,1.1572,1.14103,1.7267,1.04507,0.422558,1.33688,0.425789,0.357259,1.20347,0.41018,0.362972,1.48629,1.46015,0.328009,1.41762,1.30211,0.410588,1.19797,1.52413,1.31191,1.08341,1.02919,1.15663,1.58711,0.366976,1.10226,0.986946,0.400461,0.447862
135184,1.17071,1.58681,1.3607,1.48993,1.25247,1.52101,1.28857,1.70292,1.50125,1.34467,1.29296,1.42768,1.33446,1.10879,1.30665,1.55266,1.39642,0.72259,1.53047,1.33096,1.53552,1.62224,1.41545,0.42945,1.36497,0.708986,1.48981,1.4288,1.50744,1.50529,0.000000,1.33272,1.55762,1.55773,1.33384,1.28503,1.08665,1.43748,0.739288,1.26113,1.51592,1.45517,0.364981,1.68623,1.57567,1.43123,1.12835,1.52891,1.49928,1.142,1.53516,1.39446,1.57817,1.31348,0.714811,0.732588,1.45513,0.683115,1.48153,0.948194,1.10393,0.645566,1.47515,1.75383,1.49655,1.41539,1.45707,1.67237,1.46666,0.986882,1.4206,1.60951,1.49088,0.807626,1.16265,1.54724,1.31711,1.47664,1.38468,0.913768,1.51616,1.4586,0.43912,0.289724,1.51833,1.36796,1.06459,1.46143,1.10502,0.753787,1.20793,1.27625,1.45811,1.3535,1.50196,1.52765,1.53405,1.28509,1.44998,1.50981
37079,1.19999,0.7657,0.784649,0.84648,0.768255,0.869063,0.712069,0.840045,0.819161,0.78792,0.715069,0.825523,0.75986,0.910231,0.761213,0.915374,0.745336,1.1005,0.863395,0.719093,0.840657,0.867751,1.21557,1.18924,0.706158,1.30184,0.800156,0.705868,0.771737,0.87045,1.33272,0.000000,0.803312,0.835865,0.72306,1.17866,0.69218,0.775214,1.08387,0.67826,0.74979,0.779848,1.22552,0.900906,0.809566,0.713298,0.627085,0.815939,0.841336,0.736326,0.763785,0.848489,0.887862,0.813066,1.02492,1.06835,0.763739,1.03615,0.801315,1.1344,1.03211,1.0127,0.804284,1.00124,0.921778,0.697398,0.70329,1.01244,0.762799,1.21374,0.757459,0.780143,0.702176,1.22435,0.793111,0.788767,0.814477,0.81006,0.700997,0.938018,0.766069,0.79269,1.20065,1.20472,0.758829,1.15663,0.906542,0.722991,0.889483,1.05733,1.13319,0.808857,0.696939,0.694635,0.93769,0.84182,0.822862,0.654329,0.830549,0.820702
191816,1.28536,0.441029,0.401573,0.303819,1.24117,0.396684,1.07306,1.20387,0.385924,1.1395,1.08053,0.28048,0.974803,1.03195,1.14551,0.417555,0.431461,1.52288,0.417713,1.11553,0.392782,0.405953,1.39758,1.5667,0.604712,1.7022,0.380832,0.975508,0.296855,0.416604,1.55762,0.803312,0.000000,0.403154,0.407037,1.38356,0.976287,0.409635,1.38206,1.00697,0.394757,0.370734,1.49592,0.338932,1.1025,0.414927,0.924408,0.404174,0.372908,1.05514,0.387412,1.36634,1.41564,1.0693,1.36613,1.51791,0.359716,1.43993,0.397097,1.50207,1.23452,1.57902,1.22496,1.35496,1.17371,0.37132,0.487725,1.12076,0.281957,1.38972,0.324019,1.11745,1.09473,1.65899,1.00194,0.395145,1.26684,0.410352,0.379407,1.19715,0.343563,0.387039,1.53614,1.47218,0.400097,1.38065,1.31054,0.346005,1.13776,1.43034,1.33457,1.05808,0.976691,1.10146,1.54441,0.443491,1.09189,0.962305,0.378286,0.338155
181839,1.28368,0.453278,0.428112,0.430209,1.22805,0.416961,1.18254,1.27734,0.343411,1.13338,1.16021,0.381516,1.01592,10.000000,1.18757,0.472965,0.471354,1.56644,0.392583,1.21776,0.221622,0.205306,1.38726,1.61066,0.636816,1.7479,0.239371,1.05083,0.428507,0.421383,1.55773,0.835865,0.403154,0.000000,0.439743,1.46641,1.0697,0.451084,1.42215,1.09617,0.200273,0.340507,1.57473,0.503739,1.16991,0.461222,1.02316,0.386826,0.386766,1.14884,0.200739,1.45742,1.53054,1.11577,1.52598,1.61828,0.187284,1.57244,0.416993,1.53527,1.24323,1.71642,1.28888,1.40636,1.29135,0.402543,0.545262,1.17622,0.423729,1.42421,0.43341,1.21387,1.19831,1.76385,1.07364,0.202844,1.38918,0.39832,0.394174,1.24965,0.438313,0.416582,1.58739,1.5308,0.403887,1.46232,1.35643,0.433942,1.1749,1.58145,1.38542,1.10505,1.07095,1.23283,1.66375,0.461858,1.1686,1.05923,0.225199,0.418344
106582,1.19119,0.395234,0.333958,0.409919,1.02627,0.407023,0.979959,1.04763,0.400804,0.954417,0.960015,0.392959,0.824281,0.921084,0.96298,0.44656,0.289428,1.45819,0.419169,1.01171,0.431256,0.432941,1.16595,1.4676,0.591025,1.55903,0.395651,0.859201,0.424655,0.427203,1.33384,0.72306,0.407037,0.439743,0.000000,1.21628,0.912107,0.343684,1.17961,0.898495,0.414907,0.394895,1.3284,0.440871,0.929074,0.416429,0.841186,0.402732,0.391895,0.961192,0.419199,1.17034,1.29957,0.932517,1.24301,1.36835,0.39645,1.29982,0.404098,1.36266,1.101,1.48289,1.0169,1.16984,1.14123,0.383811,0.41628,1.04899,0.420441,1.21542,0.407287,0.989975,0.958138,1.5731,0.913246,0.429629,1.12212,0.425614,0.391841,1.03991,0.401967,0.399148,1.39095,1.30049,0.398663,1.23431,1.16407,0.387744,1.03747,1.28576,1.21368,0.905047,0.851653,0.980122,1.34619,0.446162,0.943917,0.858159,0.400191,0.423036
118154,0.0550188,1.38221,1.25248,1.32003,1.23376,1.36728,1.04453,1.42798,1.40786,1.13852,1.12882,1.2849,1.14802,1.14395,1.14393,1.4303,1.29253,1.0575,1.37083,1.12015,1.42471,1.5162,0.517833,1.13832,1.32837,1.23599,1.34199,1.18085,1.31864,1.39563,1.28503,1.17866,1.38356,1.46641,1.21628,0.000000,1.04579,1.26711,1.12696,0.977856,1.31558,1.23767,1.171,1.47318,1.2709,1.24088,0.986526,1.38839,1.36052,1.1063,1.35521,1.18307,1.42799,1.2054,1.0315,1.08154,1.27873,1.01234,1.25146,1.15558,0.287972,1.01755,1.20997,1.29011,1.50525,1.20613,1.24454,1.47337,1.21718,1.43623,1.22296,1.28586,1.19889,1.14105,1.01547,1.34202,1.16116,1.30579,1.19715,1.12803,1.28036,1.28434,1.20832,1.19413,1.28516,0.503208,1.11763,1.26413,1.07546,1.08987,0.335378,1.20556,1.11777,1.05481,1.37657,1.35078,1.28124,1.06499,1.30663,1.29466
30521,1.00648,1.03829,0.924656,1.0109,0.913594,1.03131,0.702338,0.798404,1.07249,0.757668,0.714617,0.963774,0.733235,0.881917,0.757846,1.09811,0.897251,0.909943,1.00632,0.702436,1.05072,1.09227,1.06233,1.10112,0.914631,1.15975,1.02825,0.654077,0.99397,1.02334,1.08665,0.69218,0.976287,1.0697,0.912107,1.04579,0.000000,0.943875,0.944205,0.689904,1.00635,0.940847,1.04181,1.0866,0.779859,0.954275,0.564166,1.02374,0.987088,0.287774,0.995783,0.862425,1.09673,0.69223,0.91991,0.963992,0.978723,0.918902,0.964801,0.955668,0.926492,0.964843,0.78471,0.939321,0.882943,0.920645,0.95463,1.13674,0.900955,1.01762,0.929532,0.769164,0.680682,1.06203,0.652979,1.01549,0.827362,0.967425,0.903624,0.846161,0.904358,0.947973,1.07389,1.02661,0.972602,1.02251,0.876649,0.951741,0.600383,0.93547,0.994762,0.68861,0.657484,0.701122,0.92378,1.04565,0.786207,0.63697,1.00233,1.00895
9880,1.21251,0.464808,0.334386,0.425909,1.17669,0.422611,1.14265,1.20938,0.406662,1.12885,1.12907,0.388637,0.92436,1.17899,1.09096,0.458782,0.406602,1.50861,0.446638,1.18277,0.4579,0.462468,1.32127,1.51396,0.623676,1.62491,0.379026,0.937651,0.436575,0.447805,1.43748,0.775214,0.409635,0.451084,0.343684,1.26711,0.943875,0.000000,1.34201,1.0606,0.422776,0.415218,1.43211,0.413373,1.08259,0.442856,0.976136,0.403459,0.386472,1.07911,0.440896,1.42002,1.51958,1.0788,1.41604,1.59561,0.421858,1.52725,0.442674,1.50289,1.20925,1.67333,1.22562,1.3649,1.21268,0.407676,0.519426,1.12345,0.425367,1.28976,0.42045,1.14667,1.17419,1.75422,0.991167,0.458733,1.32369,0.437576,0.429985,1.16051,0.429117,0.418958,1.43836,1.40907,0.433944,1.37824,1.26054,0.364459,1.14006,1.50909,1.30648,1.05858,0.998363,1.19374,1.62561,0.472381,1.10396,1.02009,0.40602,0.43037
34880,1.09724,1.31808,1.20013,1.32075,1.16588,1.39906,1.10683,1.45061,1.38133,1.17619,1.1068,1.28291,1.10885,1.01762,1.08718,1.42056,1.19574,0.568722,1.3701,1.09758,1.39731,1.44652,1.15515,0.682173,1.27991,0.800847,1.34295,1.22333,1.28051,1.3665,0.739288,1.08387,1.38206,1.42215,1.17961,1.12696,0.944205,1.34201,0.000000,1.04479,1.35216,1.27903,0.722426,1.46693,1.26484,1.26309,0.951462,1.37391,1.40224,0.973177,1.3643,1.17743,1.3945,1.05044,0.603771,0.539362,1.272,0.57527,1.30075,0.719934,0.976129,0.533723,1.21323,1.47145,1.39056,1.24189,1.22433,1.29561,1.22907,1.12009,1.2127,1.33328,1.16398,0.783021,0.864228,1.37947,1.13616,1.30263,1.21786,1.09364,1.27155,1.31696,0.710317,0.703583,1.31319,1.09722,1.11245,1.27815,0.796655,0.626252,1.06184,1.03233,1.17753,1.11751,1.30346,1.35445,1.21127,1.06088,1.31492,1.27539
28377,1.11965,1.04191,0.974675,1.05347,0.867266,1.05436,0.366224,0.65991,1.09135,0.720207,0.383105,0.976254,0.698155,0.873048,0.754945,1.15291,0.899502,1.27525,1.03797,0.367018,1.07948,1.11552,1.06199,1.24866,0.872272,1.34981,1.02218,0.576481,1.05034,1.07171,1.26113,0.67826,1.00697,1.09617,0.898495,0.977856,0.689904,1.0606,1.04479,0.000000,1.00228,0.952325,1.22939,1.09501,0.736075,1.00714,0.58332,1.02759,0.971836,0.702333,0.99781,0.874897,1.07914,0.70194,1.0222,1.18852,0.973196,1.03511,0.992668,1.18031,0.947411,1.1668,0.759123,0.830175,1.07191,0.94348,0.963084,1.02318,0.934427,1.16018,0.99484,0.394456,0.629955,1.28831,0.773336,1.03407,0.810768,1.00962,0.962582,0.938809,0.943583,1.00149,1.22631,1.21664,1.03354,1.04039,0.955291,0.981215,0.835957,1.07464,0.993359,0.688955,0.556654,0.357555,0.913125,1.07784,0.747568,0.592793,0.983753,1.0266
144197,1.334,0.428974,0.404287,0.424442,1.16112,0.383005,1.14499,1.22332,0.330456,1.14139,1.15408,0.370321,1.00829,1.40877,1.15405,0.446328,0.447729,1.59441,0.411069,1.18074,0.212006,0.203002,1.39056,1.59239,0.608306,1.74803,0.228923,1.02391,0.417269,0.400899,1.51592,0.74979,0.394757,0.200273,0.414907,1.31558,1.00635,0.422776,1.35216,1.00228,0.000000,0.323973,1.55839,0.475888,1.12543,0.431587,0.993508,0.378506,0.38073,1.11559,0.192181,1.41906,1.46223,1.12146,1.4739,1.60866,0.177048,1.52715,0.398429,1.53578,1.26478,1.70095,1.26257,1.39224,1.22098,0.383053,0.499499,1.17228,0.395425,1.36558,0.415031,1.18244,1.17794,1.76345,1.06441,0.188907,1.33226,0.382511,0.389088,1.2321,0.415584,0.391346,1.56562,1.50986,0.381889,1.45239,1.35582,0.394299,1.19923,1.55606,1.3247,1.09883,1.01316,1.19639,1.61353,0.445229,1.16626,1.02705,0.217454,0.416786
28724,1.21074,0.394882,0.387647,0.3925,1.17244,0.385593,1.11457,1.19614,0.274658,1.09268,1.08978,0.347904,0.926585,1.21283,1.0789,0.418252,0.423043,1.57551,0.393372,1.14734,0.351539,0.355755,1.24758,1.56592,0.570438,1.64916,0.330174,0.961822,0.400509,0.383623,1.45517,0.779848,0.370734,0.340507,0.394895,1.23767,0.940847,0.415218,1.27903,0.952325,0.323973,0.000000,1.47875,0.441009,1.08634,0.414232,0.963044,0.359771,0.351019,1.06329,0.345263,1.37478,1.31657,1.04808,1.38128,1.55646,0.325366,1.45955,0.346983,1.4677,1.16118,1.67889,1.1784,1.31745,1.20898,0.361663,0.467872,1.0856,0.385529,1.31242,0.390415,1.12684,1.12858,1.75844,1.02351,0.355235,1.31421,0.355213,0.37932,1.17321,0.389053,0.36358,1.47004,1.40172,0.354192,1.36455,1.30386,0.376369,1.12796,1.44912,1.27548,1.04875,0.984273,1.15389,1.59875,0.391863,1.10943,0.990046,0.330478,0.401216
458196,1.14542,1.54467,1.35574,1.47576,1.21738,1.47693,1.28136,1.65538,1.52975,1.29807,1.32584,1.42156,1.30708,1.15218,1.2139,1.56014,1.3551,0.723658,1.51772,1.28617,1.5217,1.61053,1.30621,0.442873,1.37251,0.795331,1.49202,1.40334,1.45139,1.44774,0.364981,1.22552,1.49592,1.57473,1.3284,1.171,1.04181,1.43211,0.722426,1.22939,1.55839,1.47875,0.000000,1.66233,1.47044,1.40459,1.09254,1.53711,1.5188,1.11264,1.50171,1.32576,1.56789,1.2595,0.693515,0.737673,1.43287,0.672083,1.43562,0.949169,1.08778,0.63513,1.41608,1.60169,1.44182,1.39618,1.41804,1.58187,1.33233,1.12134,1.38116,1.54645,1.4349,0.82486,1.12631,1.52574,1.28169,1.42689,1.32173,0.856439,1.44555,1.44271,0.453191,0.350227,1.4609,1.2513,0.981917,1.40007,1.09075,0.718767,1.1629,1.22953,1.37597,1.31304,1.50974,1.47895,1.43813,1.30649,1.42851,1.48376
2585822,1.4508,0.487771,0.437239,0.383945,1.30398,0.440422,1.2395,1.37155,0.462968,1.25521,1.21046,0.373539,1.08828,1.29856,1.21405,0.497427,0.496755,1.72777,0.479131,1.26124,0.498414,0.495147,1.50881,1.6956,0.613864,1.75678,0.427925,1.09754,0.39351,0.47597,1.68623,0.900906,0.338932,0.503739,0.440871,1.47318,1.0866,0.413373,1.46693,1.09501,0.475888,0.441009,1.66233,0.000000,1.1797,0.439673,1.09296,0.477165,0.462603,1.15836,0.492397,1.4887,1.58854,1.15961,1.55667,1.72311,0.449317,1.60663,0.46715,1.62603,1.35534,1.76027,1.3331,1.54726,1.33509,0.377225,0.516028,1.14749,0.120861,1.53531,0.411466,1.27251,1.23931,1.82807,1.16142,0.509153,1.42571,0.495631,0.459587,1.29557,0.393663,0.425792,1.64119,1.6249,0.444919,1.5008,1.41041,0.326354,1.24032,1.61825,1.46249,1.14508,1.07443,1.23858,1.61907,0.494003,1.25896,1.1086,0.405286,0.422405
190295,1.29189,1.0918,0.964466,1.05819,0.870176,1.11833,0.747101,1.01521,1.15357,0.402506,0.773881,1.00193,0.294354,1.04169,0.84326,1.06316,0.968629,1.14337,1.12191,0.769532,1.11485,1.19756,1.51982,1.25872,0.985169,1.39192,1.051,0.824893,1.04646,1.10545,1.57567,0.809566,1.1025,1.16991,0.929074,1.2709,0.779859,1.08259,1.26484,0.736075,1.12543,1.08634,1.47044,1.1797,0.000000,1.02789,0.715314,1.20227,1.14457,0.864838,1.12153,0.897163,1.16382,0.781333,1.14257,1.11979,1.01381,1.05334,1.04125,1.26614,1.20235,1.04145,0.432692,1.16018,1.20923,1.03612,0.997049,1.30358,1.01914,1.77136,0.965422,0.990921,0.82976,1.29512,0.931461,1.13951,0.812474,1.02383,0.997402,1.22623,1.12514,1.07677,1.49505,1.60799,1.08089,1.43824,1.08347,1.0618,0.956526,1.14732,1.28376,0.738196,0.823351,0.766957,0.915665,1.1283,0.289714,0.775851,1.09862,1.07825
34839,1.19582,0.428003,0.404751,0.411955,1.1724,0.344658,1.18345,1.27071,0.411023,1.1108,1.1684,0.404917,0.94601,1.09983,1.10132,0.308101,0.475607,1.6634,0.38883,1.2217,0.450525,0.430954,1.33266,1.59109,0.603735,1.7354,0.40261,0.996581,0.451677,0.394928,1.43123,0.713298,0.414927,0.461222,0.416429,1.24088,0.954275,0.442856,1.26309,1.00714,0.431587,0.414232,1.40459,0.439673,1.02789,0.000000,1.01866,0.433989,0.438947,1.12269,0.443632,1.43367,1.57031,1.08175,1.44087,1.65096,0.421017,1.56209,0.38837,1.57477,1.23067,1.77912,1.22683,1.42136,1.26778,0.323287,0.506951,1.2188,0.41661,1.348,0.405613,1.18256,1.22217,1.81898,1.03146,0.451695,1.34738,0.445105,0.333628,1.15427,0.389443,0.326897,1.53754,1.44181,0.365494,1.42612,1.30082,0.363662,1.19037,1.53606,1.34277,1.0485,1.02764,1.2532,1.65804,0.432878,1.11179,1.06156,0.40807,0.448446
450177,0.918482,0.94578,0.892901,0.975687,0.818687,0.980503,0.583722,0.564303,1.01735,0.66253,0.590742,0.907574,0.653164,0.735113,0.668666,1.06769,0.843664,1.073,0.946098,0.587928,0.995522,1.04209,0.986387,1.14242,0.828535,1.16606,0.951389,0.50611,0.978191,0.977114,1.12835,0.627085,0.924408,1.02316,0.841186,0.986526,0.564166,0.976136,0.951462,0.58332,0.993508,0.963044,1.09254,1.09296,0.715314,1.01866,0.000000,0.968272,0.88103,0.581931,0.912471,0.780459,0.967871,0.647692,0.941161,0.982934,0.885887,0.92222,0.900062,1.00169,0.94108,1.00725,0.663368,0.775531,0.941026,0.868486,0.874865,1.03488,0.858786,0.952546,0.916286,0.609665,0.555874,1.13105,0.646852,0.935034,0.764577,0.923887,0.8611,0.823768,0.872129,0.907952,1.10075,1.04213,0.946167,0.967934,0.84533,0.910861,0.748433,0.95723,1.04195,0.639196,0.50311,0.566979,0.858773,0.97871,0.682454,0.504591,0.936673,0.945956
241587,1.39343,0.437267,0.390665,0.418019,1.32803,0.417437,1.19845,1.30419,0.320455,1.1897,1.19819,0.347827,1.06948,0.199824,1.18228,0.438184,0.445098,1.59196,0.386454,1.24855,0.413777,0.421123,1.36756,1.65353,0.637429,1.77532,0.374923,1.04979,0.427318,0.416308,1.52891,0.815939,0.404174,0.386826,0.402732,1.38839,1.02374,0.403459,1.37391,1.02759,0.378506,0.359771,1.53711,0.477165,1.20227,0.433989,0.968272,0.000000,0.232747,1.17519,0.398516,1.53307,1.48374,1.14289,1.53927,1.65532,0.382466,1.58841,0.390047,1.55987,1.32146,1.75893,1.32285,1.48658,1.27389,0.401772,0.525083,1.16069,0.422187,1.45682,0.391994,1.23148,1.22744,1.797,1.08504,0.408875,1.42534,0.388726,0.398488,1.26292,0.409683,0.399996,1.58651,1.54512,0.373477,1.45058,1.38879,0.395307,1.20248,1.5867,1.451,1.14268,1.07023,1.2417,1.71281,0.436867,1.22662,1.09004,0.385928,0.375287
51337,1.30556,0.428878,0.393551,0.409476,1.2253,0.417786,1.13584,1.23312,0.339599,1.16459,1.12772,0.330149,1.07139,10.000000,1.16296,0.424437,0.424842,1.53963,0.391123,1.1608,0.40028,0.414337,1.42437,1.55465,0.610391,1.66866,0.372658,1.00002,0.404363,0.4172,1.49928,0.841336,0.372908,0.386766,0.391895,1.36052,0.987088,0.386472,1.40224,0.971836,0.38073,0.351019,1.5188,0.462603,1.14457,0.438947,0.88103,0.232747,0.000000,1.1008,0.38454,1.43343,1.49032,1.11802,1.44194,1.54899,0.36513,1.51669,0.398076,1.49174,1.26165,1.67504,1.28232,1.41724,1.2119,0.382152,0.509655,1.12147,0.399399,1.46779,0.382834,1.166,1.14375,1.68512,1.02554,0.398698,1.31747,0.395629,0.391876,1.19646,0.399793,0.397772,1.54476,1.49781,0.385248,1.42801,1.34987,0.40085,1.13297,1.53412,1.38151,1.08922,1.00928,1.16476,1.593,0.431333,1.16836,1.01718,0.368351,0.383012
47695,1.07458,1.09843,0.970236,1.0936,0.942083,1.10328,0.705752,0.825461,1.12948,0.791152,0.751695,1.01497,0.772356,0.904415,0.790642,1.1576,0.955499,0.975823,1.07807,0.724408,1.13724,1.1871,1.14311,1.10697,0.956371,1.14935,1.0847,0.711082,1.07896,1.1082,1.142,0.736326,1.05514,1.14884,0.961192,1.1063,0.287774,1.07911,0.973177,0.702333,1.11559,1.06329,1.11264,1.15836,0.864838,1.12269,0.581931,1.17519,1.1008,0.000000,1.08641,0.932679,1.1519,0.748111,0.989817,1.014,1.05296,0.982428,1.03819,0.990903,0.974969,1.03019,0.843426,1.02704,0.930684,1.00305,1.00314,1.19509,0.992928,1.13812,1.0236,0.793943,0.730157,1.06833,0.718934,1.12041,0.87075,1.06621,0.984899,0.930762,0.981754,1.03027,1.11946,1.12434,1.07169,1.08192,0.947223,1.0448,0.738496,1.02377,1.0505,0.730446,0.689286,0.730456,0.985405,1.14699,0.857875,0.673186,1.05995,1.08222
9986,1.25673,0.444447,0.417348,0.413263,1.27,0.405897,1.14626,1.25427,0.345413,1.14674,1.13783,0.378151,1.0151,1.41209,1.13461,0.453036,0.454709,1.55345,0.419051,1.17648,0.203069,0.18904,1.40428,1.6118,0.636642,1.74212,0.23682,1.01554,0.411367,0.410906,1.53516,0.763785,0.387412,0.200739,0.419199,1.35521,0.995783,0.440896,1.3643,0.99781,0.192181,0.345263,1.50171,0.492397,1.12153,0.443632,0.912471,0.398516,0.38454,1.08641,0.000000,1.41422,1.60897,1.14899,1.52253,1.60638,0.160941,1.56479,0.407759,1.59217,1.23319,1.6825,1.27275,1.40616,1.3746,0.386915,0.526277,1.26316,0.413581,1.45608,0.423267,1.18455,1.16378,1.76482,1.06697,0.156992,1.33604,0.391105,0.38873,1.22551,0.422854,0.401791,1.57341,1.53269,0.394007,1.44253,1.34911,0.426581,1.21108,1.55306,1.31731,1.10634,1.04288,1.19078,1.60761,0.459099,1.15935,1.01814,0.219592,0.429054
797021,1.19291,1.35745,1.28557,1.37786,1.13111,1.43367,0.892755,1.02804,1.46551,0.937192,0.9177,1.32681,0.820573,1.12774,0.519509,1.49399,1.21025,1.28987,1.39748,0.917923,1.42979,1.52571,1.24019,1.33701,1.19254,1.48419,1.35225,0.908267,1.38353,1.39418,1.39446,0.848489,1.36634,1.45742,1.17034,1.18307,0.862425,1.42002,1.17743,0.874897,1.41906,1.37478,1.32576,1.4887,0.897163,1.43367,0.780459,1.53307,1.43343,0.932679,1.41422,0.000000,1.24385,0.842849,1.127,1.18839,1.29383,1.11049,1.2809,1.27225,1.06022,1.19449,0.946122,1.02689,1.22307,1.26837,1.25117,1.21161,1.19879,1.25408,1.23357,0.933582,0.930319,1.39316,0.677667,1.3419,0.21597,1.29887,1.20046,0.822228,1.23131,1.29763,1.30564,1.24913,1.30195,1.16554,0.854029,1.26267,0.988262,1.17641,1.20276,0.820233,0.876484,0.879261,0.266615,1.4018,0.87082,0.851769,1.2788,1.33301
7897,1.5076,1.38407,1.49228,1.49225,0.0979603,1.5016,1.12106,1.35331,1.56381,1.06003,1.1749,1.49559,1.08689,0.229748,1.14967,1.60275,1.27451,1.38307,1.36145,1.14352,1.56215,1.60939,1.559,1.59663,1.29112,1.4324,1.48747,1.13053,1.48501,1.57586,1.57817,0.887862,1.41564,1.53054,1.29957,1.42799,1.09673,1.51958,1.3945,1.07914,1.46223,1.31657,1.56789,1.58854,1.16382,1.57031,0.967871,1.48374,1.49032,1.1519,1.60897,1.24385,0.000000,1.01874,1.21329,1.38679,1.30363,1.23965,1.24785,1.27724,1.25547,1.28459,1.06164,1.26768,0.159635,1.36393,1.26191,1.55388,1.29387,1.42517,1.39004,1.25326,1.16163,1.35312,1.12388,1.47376,1.20566,1.49195,1.29101,1.2913,1.35331,1.41962,1.5134,1.36825,1.40032,1.39365,1.27755,1.32487,1.07874,1.30295,1.34401,0.981878,1.09746,1.07514,1.30206,1.29931,1.09478,1.05339,1.33625,1.3848
227192,1.15239,1.0284,0.947562,1.04872,0.898794,1.09684,0.713009,0.920492,1.12922,0.637452,0.748265,1.02161,0.666811,0.907068,0.773049,1.11692,0.941913,0.910732,1.07664,0.708712,1.1029,1.14808,1.28884,1.11879,0.932452,1.17039,1.07683,0.783065,1.02672,1.07272,1.31348,0.813066,1.0693,1.11577,0.932517,1.2054,0.69223,1.0788,1.05044,0.70194,1.12146,1.04808,1.2595,1.15961,0.781333,1.08175,0.647692,1.14289,1.11802,0.748111,1.14899,0.842849,1.01874,0.000000,0.970834,0.973413,1.06429,0.935414,1.02916,1.09409,1.1197,0.925224,0.675453,1.04381,1.16114,1.01478,0.972129,1.23337,0.96817,1.39852,1.00271,0.876745,0.797042,1.14277,0.864688,1.15931,0.851268,1.05223,0.98875,1.10947,0.999481,1.03368,1.28689,1.35472,1.08404,1.27687,0.984535,1.03542,0.732375,1.01239,1.16569,0.211057,0.775084,0.726135,0.900055,1.13584,0.771884,0.718127,1.03953,1.08029
254552,1.03716,1.36678,1.28426,1.39892,1.06904,1.43313,1.10081,1.38482,1.49638,1.03364,1.1026,1.36358,1.00882,1.05749,1.05277,1.50841,1.26508,0.579647,1.43156,1.12105,1.49336,1.54457,1.13301,0.704298,1.23571,0.86562,1.42452,1.16502,1.37825,1.43425,0.714811,1.02492,1.36613,1.52598,1.24301,1.0315,0.91991,1.41604,0.603771,1.0222,1.4739,1.38128,0.693515,1.55667,1.14257,1.44087,0.941161,1.53927,1.44194,0.989817,1.52253,1.127,1.21329,0.970834,0.000000,0.601646,1.34024,0.242521,1.32532,0.765612,0.944228,0.481294,1.09818,1.31137,1.42294,1.29874,1.2286,1.32858,1.23567,0.98353,1.3218,1.21215,1.1733,0.77539,0.927702,1.44721,1.1392,1.34327,1.29541,1.05026,1.2589,1.37856,0.698402,0.648092,1.34832,1.05825,1.07455,1.32979,0.828772,0.220237,0.986354,0.905204,1.11679,1.05255,1.22891,1.42152,1.04074,1.02696,1.33115,1.40164
9994,1.01979,1.54709,1.43768,1.54506,1.19327,1.63403,1.21539,1.42635,1.60453,1.12046,1.31584,1.47421,1.0231,0.968156,1.06437,1.68056,1.42944,0.636652,1.52379,1.28036,1.61128,1.63852,1.10024,0.799665,1.41799,0.858386,1.55153,1.2386,1.5751,1.59646,0.732588,1.06835,1.51791,1.61828,1.36835,1.08154,0.963992,1.59561,0.539362,1.18852,1.60866,1.55646,0.737673,1.72311,1.11979,1.65096,0.982934,1.65532,1.54899,1.014,1.60638,1.18839,1.38679,0.973413,0.601646,0.000000,1.52042,0.616917,1.48128,0.668254,1.00176,0.583516,1.14516,1.29199,1.30226,1.43732,1.49302,1.2569,1.43572,0.87083,1.48177,1.30767,1.25602,0.849218,0.834454,1.59931,1.17996,1.54434,1.4902,1.04913,1.34928,1.49545,0.73372,0.684718,1.5351,1.06264,1.13216,1.51582,0.746525,0.630235,1.08842,0.920578,1.21314,1.28402,1.37941,1.60541,1.08447,1.13817,1.4674,1.51593
227228,1.28706,0.425346,0.40311,0.383922,1.25945,0.387069,1.1277,1.2052,0.324496,1.08423,1.08675,0.356783,0.961643,1.07676,1.09327,0.427574,0.434343,1.52352,0.410935,1.14614,0.191198,0.183084,1.2866,1.55783,0.601921,1.6947,0.211097,0.970805,0.387765,0.393788,1.45513,0.763739,0.359716,0.187284,0.39645,1.27873,0.978723,0.421858,1.272,0.973196,0.177048,0.325366,1.43287,0.449317,1.01381,0.421017,0.885887,0.382466,0.36513,1.05296,0.160941,1.29383,1.30363,1.06429,1.34024,1.52042,0.000000,1.47635,0.38351,1.50741,1.21672,1.64136,1.21363,1.31789,1.25097,0.364296,0.488931,1.12929,0.390783,1.41555,0.399372,1.11675,1.11716,1.69775,1.05698,0.154724,1.28685,0.371655,0.366303,1.15581,0.403562,0.380641,1.54802,1.42536,0.37447,1.33385,1.29383,0.399286,1.15098,1.50094,1.28286,1.06113,0.967959,1.147,1.53444,0.427352,1.10914,0.98353,0.210162,0.410364
8083,0.980818,1.45938,1.41469,1.46412,1.10854,1.5029,1.09306,1.3548,1.58447,1.02282,1.15042,1.4432,0.949632,1.06533,1.00608,1.6466,1.32379,0.606842,1.47086,1.14154,1.56469,1.60068,1.07313,0.716035,1.30597,0.821344,1.47615,1.13564,1.46165,1.52293,0.683115,1.03615,1.43993,1.57244,1.29982,1.01234,0.918902,1.52725,0.57527,1.03511,1.52715,1.45955,0.672083,1.60663,1.05334,1.56209,0.92222,1.58841,1.51669,0.982428,1.56479,1.11049,1.23965,0.935414,0.242521,0.616917,1.47635,0.000000,1.47909,0.767146,0.917625,0.482631,1.00102,1.25972,1.43417,1.38973,1.32801,1.33223,1.29619,0.919808,1.45934,1.19119,1.16194,0.810423,0.885858,1.51634,1.12763,1.43517,1.40997,0.990188,1.31819,1.467,0.681699,0.614753,1.47894,0.984542,1.1156,1.4744,0.841758,0.231461,1.01518,0.878103,1.11526,1.10667,1.29885,1.54886,0.957809,1.05538,1.40621,1.50918
667186,1.21258,0.340338,0.383139,0.401288,1.22043,0.368733,1.14345,1.21886,0.35059,1.11877,1.12053,0.377393,0.924044,1.23532,1.12861,0.40821,0.436458,1.58058,0.388558,1.16978,0.41404,0.419169,1.32847,1.6249,0.601909,1.66852,0.390896,0.997425,0.42473,0.325927,1.48153,0.801315,0.397097,0.416993,0.404098,1.25146,0.964801,0.442674,1.30075,0.992668,0.398429,0.346983,1.43562,0.46715,1.04125,0.38837,0.900062,0.390047,0.398076,1.03819,0.407759,1.2809,1.24785,1.02916,1.32532,1.48128,0.38351,1.47909,0.000000,1.48714,1.22486,1.67102,1.23917,1.32884,1.19242,0.356322,0.422786,1.11669,0.397662,1.32043,0.401884,1.12201,1.13228,1.72559,1.02032,0.425496,1.3067,0.394934,0.357891,1.15129,0.399916,0.351986,1.52845,1.4417,0.302966,1.35709,1.32517,0.391138,1.11601,1.5043,1.30081,1.03386,1.01901,1.19042,1.58695,0.313648,1.09336,1.00715,0.383677,0.420593
52670,1.08238,1.52866,1.39087,1.48534,1.13873,1.59028,1.20268,1.46908,1.51867,1.22887,1.30348,1.43739,1.10022,1.04256,1.13562,1.5983,1.37415,0.791655,1.51358,1.27386,1.50294,1.59756,1.18674,0.985399,1.36801,0.867146,1.52021,1.23704,1.4877,1.5431,0.948194,1.1344,1.50207,1.53527,1.36266,1.15558,0.955668,1.50289,0.719934,1.18031,1.53578,1.4677,0.949169,1.62603,1.26614,1.57477,1.00169,1.55987,1.49174,0.990903,1.59217,1.27225,1.27724,1.09409,0.765612,0.668254,1.50741,0.767146,1.48714,0.000000,1.04548,0.771882,1.26057,1.39681,1.43585,1.42986,1.42107,1.30068,1.37487,0.980363,1.38862,1.35751,1.24903,0.796325,0.901463,1.55915,1.19926,1.47239,1.45033,1.13215,1.40938,1.45785,0.927831,0.914898,1.50414,1.10102,1.20007,1.44334,0.827599,0.81951,1.15753,1.00854,1.22172,1.23818,1.39167,1.5238,1.22917,1.13212,1.4678,1.44669
85066,0.283486,1.24093,1.12159,1.21301,1.08597,1.22178,1.01715,1.28613,1.27283,1.07971,1.03468,1.16359,1.02652,0.997744,0.98858,1.27847,1.15464,0.944737,1.22784,1.04608,1.1818,1.29531,0.477835,1.06466,1.1213,1.1067,1.16083,1.11982,1.22359,1.23468,1.10393,1.03211,1.23452,1.24323,1.101,0.287972,0.926492,1.20925,0.976129,0.947411,1.26478,1.16118,1.08778,1.35534,1.20235,1.23067,0.94108,1.32146,1.26165,0.974969,1.23319,1.06022,1.25547,1.1197,0.944228,1.00176,1.21672,0.917625,1.22486,1.04548,0.000000,0.905127,1.0882,1.22243,1.25632,1.07166,1.03087,1.2065,1.06381,1.19208,1.09362,1.17759,1.09091,0.976749,0.856843,1.14304,1.01648,1.11625,1.00893,0.984563,1.10202,1.10157,1.02847,1.01212,1.05739,0.461876,0.953056,1.1313,0.954608,0.967784,0.336041,1.06408,1.04628,0.994835,1.1305,1.18057,1.08642,0.967523,1.08667,1.12229
2585810,0.988986,1.60063,1.54847,1.64675,1.07797,1.67619,1.30399,1.45226,1.74102,1.05517,1.28946,1.60607,0.974962,1.08517,1.08848,1.81516,1.52989,0.564535,1.6404,1.33591,1.71802,1.75976,1.02932,0.728034,1.43114,0.812606,1.68199,1.21284,1.68704,1.64554,0.645566,1.0127,1.57902,1.71642,1.48289,1.01755,0.964843,1.67333,0.533723,1.1668,1.70095,1.67889,0.63513,1.76027,1.04145,1.77912,1.00725,1.75893,1.67504,1.03019,1.6825,1.19449,1.28459,0.925224,0.481294,0.583516,1.64136,0.482631,1.67102,0.771882,0.905127,0.000000,1.11382,1.28125,1.45707,1.61029,1.55346,1.35461,1.55814,0.882553,1.68437,1.28874,1.30545,0.839428,0.897077,1.75294,1.20993,1.68851,1.62816,1.03038,1.48589,1.64057,0.680378,0.61758,1.67883,1.04034,1.15436,1.68156,0.785939,0.496172,1.03812,0.880444,1.2285,1.30827,1.39324,1.77056,1.01523,1.14602,1.55012,1.73366
97097,1.216,1.17349,1.10431,1.19704,0.885045,1.22044,0.772939,0.897782,1.26987,0.246363,0.788957,1.15228,0.364823,1.01089,0.8625,1.28604,1.04076,1.1987,1.22056,0.7888,1.26057,1.33375,1.37621,1.29786,1.06847,1.49754,1.18793,0.77811,1.18909,1.20801,1.47515,0.804284,1.22496,1.28888,1.0169,1.20997,0.78471,1.22562,1.21323,0.759123,1.26257,1.1784,1.41608,1.3331,0.432692,1.22683,0.663368,1.32285,1.28232,0.843426,1.27275,0.946122,1.06164,0.675453,1.09818,1.14516,1.21363,1.00102,1.23917,1.26057,1.0882,1.11382,0.000000,0.982632,1.10588,1.1206,1.09608,1.31658,1.13891,1.51946,1.13108,0.915538,0.821652,1.35674,0.897338,1.24259,0.909379,1.16666,1.10281,1.11141,1.17255,1.18473,1.41526,1.46152,1.17904,1.30677,1.09075,1.15656,0.91794,1.12812,1.22836,0.630191,0.757275,0.783671,1.07045,1.25523,0.409804,0.763866,1.19708,1.20557
175797,1.31043,1.27452,1.16797,1.30952,1.09925,1.36389,0.799988,1.11736,1.41193,0.920785,0.874479,1.25874,0.960462,1.47954,0.972415,1.39631,1.19883,1.44477,1.34976,0.828544,1.37994,1.49285,1.47933,1.53237,1.20568,1.58607,1.29167,0.917465,1.29581,1.41045,1.75383,1.00124,1.35496,1.40636,1.16984,1.29011,0.939321,1.3649,1.47145,0.830175,1.39224,1.31745,1.60169,1.54726,1.16018,1.42136,0.775531,1.48658,1.41724,1.02704,1.40616,1.02689,1.26768,1.04381,1.31137,1.29199,1.31789,1.25972,1.32884,1.39681,1.22243,1.28125,0.982632,0.000000,1.39555,1.2406,1.14604,1.42859,1.22935,1.64887,1.21964,1.01437,0.995311,1.47282,1.03571,1.35928,0.990549,1.26619,1.21286,1.21395,1.35124,1.3431,1.6713,1.72287,1.31225,1.41755,1.13868,1.27247,1.09883,1.41222,1.28816,0.949441,0.914589,0.811266,1.1146,1.39865,1.14588,0.928528,1.2848,1.34509
885580,1.53267,1.33692,1.16265,1.20727,0.246216,1.26184,1.12882,1.38144,1.32862,1.08786,1.09646,1.20448,1.08604,0.245174,1.0522,1.30226,1.14932,1.39142,1.23505,1.11346,1.32282,1.34037,1.51171,1.48785,1.15301,1.48683,1.24895,1.14397,1.20639,1.30138,1.49655,0.921778,1.17371,1.29135,1.14123,1.50525,0.882943,1.21268,1.39056,1.07191,1.22098,1.20898,1.44182,1.33509,1.20923,1.26778,0.941026,1.27389,1.2119,0.930684,1.3746,1.22307,0.159635,1.16114,1.42294,1.30226,1.25097,1.43417,1.19242,1.43585,1.25632,1.45707,1.10588,1.39555,0.000000,0.978209,1.04882,1.52817,1.06671,1.58648,1.09993,1.26695,1.07437,1.29412,0.997206,1.10062,1.10847,1.11849,1.02766,1.12956,1.17928,1.05001,1.39666,1.4225,1.09255,1.34822,1.15647,1.08293,0.953424,1.54395,1.37084,0.98206,1.04543,1.01352,1.16311,1.14445,1.04654,1.00361,1.2533,1.11726
591936,1.16424,0.385673,0.38121,0.364771,1.13354,0.187029,1.07889,1.15534,0.377592,1.0771,1.05299,0.360545,0.927485,1.13127,1.05684,0.333678,0.407329,1.52455,0.371562,1.1188,0.391992,0.396448,1.26937,1.5141,0.512356,1.61823,0.369078,0.93607,0.377343,0.361293,1.41539,0.697398,0.37132,0.402543,0.383811,1.20613,0.920645,0.407676,1.24189,0.94348,0.383053,0.361663,1.39618,0.377225,1.03612,0.323287,0.868486,0.401772,0.382152,1.00305,0.386915,1.26837,1.36393,1.01478,1.29874,1.43732,0.364296,1.38973,0.356322,1.42986,1.07166,1.61029,1.1206,1.2406,0.978209,0.000000,0.451175,1.04515,0.374027,1.29694,0.369923,1.08754,1.06848,1.67819,0.950364,0.397269,1.21877,0.406405,0.20218,1.09822,0.372749,0.208243,1.4428,1.36716,0.339198,1.28742,1.22516,0.349733,1.0989,1.4023,1.23099,0.980684,0.922516,1.10342,1.49749,0.397474,1.04875,0.946144,0.361811,0.403856
8168,1.2132,0.318775,0.472454,0.514642,1.1093,0.460983,1.09918,1.20402,0.497122,1.05359,1.0751,0.483727,0.861422,1.031,1.08603,0.537755,0.451608,1.66827,0.470175,1.13991,0.522323,0.539787,1.29706,1.59216,0.647806,1.62991,0.486981,0.945361,0.530325,0.43438,1.45707,0.70329,0.487725,0.545262,0.41628,1.24454,0.95463,0.519426,1.22433,0.963084,0.499499,0.467872,1.41804,0.516028,0.997049,0.506951,0.874865,0.525083,0.509655,1.00314,0.526277,1.25117,1.26191,0.972129,1.2286,1.49302,0.488931,1.32801,0.422786,1.42107,1.03087,1.55346,1.09608,1.14604,1.04882,0.451175,0.000000,1.08425,0.484577,1.21235,0.532559,1.07976,1.13293,1.75959,0.992787,0.559537,1.28649,0.531263,0.471567,1.09165,0.472455,0.485789,1.51448,1.44028,0.444044,1.34779,1.30452,0.471431,1.14071,1.36007,1.32687,1.00138,0.965707,1.12864,1.55699,0.476344,1.06563,0.985538,0.483779,0.539203
40210,1.4333,1.13215,1.01091,1.11017,1.34033,1.21867,1.07881,1.54281,1.18336,1.2628,1.15585,1.10772,1.11711,1.30599,1.18689,1.21639,1.06593,1.34878,1.1948,1.14778,1.23182,1.27289,1.5052,1.52071,1.13458,1.50832,1.13753,1.20541,1.04704,1.15673,1.67237,1.01244,1.12076,1.17622,1.04899,1.47337,1.13674,1.12345,1.29561,1.02318,1.17228,1.0856,1.58187,1.14749,1.30358,1.2188,1.03488,1.16069,1.12147,1.19509,1.26316,1.21161,1.55388,1.23337,1.32858,1.2569,1.12929,1.33223,1.11669,1.30068,1.2065,1.35461,1.31658,1.42859,1.52817,1.04515,1.08425,0.000000,0.959272,1.17729,0.981537,1.42986,1.17941,1.414,1.14034,1.16238,1.12748,1.04471,1.08778,1.23821,1.06486,1.04509,1.46472,1.59429,1.07602,1.41589,1.19168,1.01665,1.11109,1.37923,1.32715,1.10517,1.2251,1.1064,1.16349,1.068,1.20555,1.04224,1.16801,1.03358
9483,1.18385,0.424507,0.399869,0.327726,1.14819,0.393711,1.05349,1.14225,0.395122,1.0546,1.04144,0.316778,0.941165,1.10473,1.05113,0.436385,0.43585,1.54854,0.419457,1.07408,0.417776,0.42364,1.28708,1.50047,0.599094,1.6329,0.391274,0.934238,0.338932,0.410679,1.46666,0.762799,0.281957,0.423729,0.420441,1.21718,0.900955,0.425367,1.22907,0.934427,0.395425,0.385529,1.33233,0.120861,1.01914,0.41661,0.858786,0.422187,0.399399,0.992928,0.413581,1.19879,1.29387,0.96817,1.23567,1.43572,0.390783,1.29619,0.397662,1.37487,1.06381,1.55814,1.13891,1.22935,1.06671,0.374027,0.484577,0.959272,0.000000,1.25001,0.348714,1.04932,1.07466,1.65153,0.956037,0.426003,1.2204,0.430719,0.394239,1.08323,0.336075,0.392923,1.42531,1.35372,0.399557,1.27888,1.24219,0.327234,1.08201,1.36218,1.24378,0.974651,0.951497,1.05677,1.46585,0.445425,1.03648,0.928772,0.378082,0.36769
1608454,1.4264,1.31947,1.22761,1.31895,1.41056,1.27003,1.12429,1.61939,1.43151,1.43556,1.13777,1.29504,1.45266,1.04295,1.27919,1.39529,1.19354,0.92505,1.46798,1.14788,1.41928,1.47725,1.56223,1.00437,1.21389,0.996999,1.35554,1.37075,1.31231,1.42231,0.986882,1.21374,1.38972,1.42421,1.21542,1.43623,1.01762,1.28976,1.12009,1.16018,1.36558,1.31242,1.12134,1.53531,1.77136,1.348,0.952546,1.45682,1.46779,1.13812,1.45608,1.25408,1.42517,1.39852,0.98353,0.87083,1.41555,0.919808,1.32043,0.980363,1.19208,0.882553,1.51946,1.64887,1.58648,1.29694,1.21235,1.17729,1.25001,0.000000,1.46876,1.92268,1.44883,1.03262,1.19852,1.87365,1.30879,1.34726,1.24194,1.39213,1.62915,1.4459,1.16971,1.11185,1.36477,1.60992,1.25903,1.51367,1.10925,1.11275,1.31159,1.45877,1.49902,1.33236,1.44539,1.58445,1.68779,1.19298,1.48596,1.8122
298831,1.18445,0.441417,0.392957,0.329422,1.22759,0.398421,1.15921,1.20723,0.380561,1.11495,1.13729,0.301892,0.918988,1.06357,1.11126,0.413414,0.448578,1.58792,0.416967,1.19906,0.429282,0.442077,1.28528,1.60699,0.641833,1.63712,0.406746,0.946281,0.339423,0.417955,1.4206,0.757459,0.324019,0.43341,0.407287,1.22296,0.929532,0.42045,1.2127,0.99484,0.415031,0.390415,1.38116,0.411466,0.965422,0.405613,0.916286,0.391994,0.382834,1.0236,0.423267,1.23357,1.39004,1.00271,1.3218,1.48177,0.399372,1.45934,0.401884,1.38862,1.09362,1.68437,1.13108,1.21964,1.09993,0.369923,0.532559,0.981537,0.348714,1.46876,0.000000,1.13144,1.16665,1.75359,1.02843,0.45394,1.33239,0.417103,0.408185,1.11765,0.348765,0.395027,1.4618,1.41902,0.399452,1.35712,1.29036,0.340704,1.15475,1.47714,1.33306,1.06214,1.00068,1.20638,1.62727,0.448723,1.09978,1.01752,0.41135,0.227215
208069,1.38007,1.10662,1.02772,1.12611,1.02016,1.16739,0.380019,0.773641,1.20243,0.867977,0.425666,1.07677,0.836692,1.60478,0.850855,1.21867,0.98572,1.32314,1.11238,0.38344,1.1739,1.24545,1.438,1.46916,0.987576,1.52142,1.12753,0.644817,1.12192,1.1572,1.60951,0.780143,1.11745,1.21387,0.989975,1.28586,0.769164,1.14667,1.33328,0.394456,1.18244,1.12684,1.54645,1.27251,0.990921,1.18256,0.609665,1.23148,1.166,0.793943,1.18455,0.933582,1.25326,0.876745,1.21215,1.30767,1.11675,1.19119,1.12201,1.35751,1.17759,1.28874,0.915538,1.01437,1.26695,1.08754,1.07976,1.42986,1.04932,1.92268,1.13144,0.000000,0.709146,1.48759,0.934202,1.15233,0.90021,1.09872,1.034,1.21586,1.05231,1.10568,1.59955,1.55466,1.1034,1.4081,1.16093,1.07818,1.02431,1.28541,1.25251,0.834591,0.647755,0.36755,1.01818,1.15721,0.961859,0.66493,1.07623,1.15127
7764,1.23814,1.12957,1.08657,1.13211,0.947088,1.16651,0.673268,0.675118,1.18615,0.773663,0.646625,1.06239,0.754382,1.76039,0.794633,1.24315,1.00275,1.34476,1.11512,0.647754,1.17364,1.21426,1.24522,1.37883,0.947678,1.49331,1.11228,0.590339,1.14634,1.14103,1.49088,0.702176,1.09473,1.19831,0.958138,1.19889,0.680682,1.17419,1.16398,0.629955,1.17794,1.12858,1.4349,1.23931,0.82976,1.22217,0.555874,1.22744,1.14375,0.730157,1.16378,0.930319,1.16163,0.797042,1.1733,1.25602,1.11716,1.16194,1.13228,1.24903,1.09091,1.30545,0.821652,0.995311,1.07437,1.06848,1.13293,1.17941,1.07466,1.44883,1.16665,0.709146,0.000000,1.4706,0.837672,1.14865,0.886637,1.1238,1.0373,1.03965,1.03973,1.10893,1.41239,1.41087,1.10568,1.19552,1.1145,1.09624,0.933902,1.21695,1.22273,0.730819,0.580714,0.619143,1.08313,1.18747,0.826045,0.279044,1.06695,1.13258
8663,1.08687,1.75349,1.63214,1.69054,1.24914,1.7635,1.39373,1.61676,1.72647,1.34441,1.45588,1.66767,1.17839,1.07218,1.20372,1.81539,1.62015,0.798738,1.73171,1.42524,1.76459,1.8149,1.15763,0.899731,1.52374,0.529951,1.72348,1.37026,1.68003,1.7267,0.807626,1.22435,1.65899,1.76385,1.5731,1.14105,1.06203,1.75422,0.783021,1.28831,1.76345,1.75844,0.82486,1.82807,1.29512,1.81898,1.13105,1.797,1.68512,1.06833,1.76482,1.39316,1.35312,1.14277,0.77539,0.849218,1.69775,0.810423,1.72559,0.796325,0.976749,0.839428,1.35674,1.47282,1.29412,1.67819,1.75959,1.414,1.65153,1.03262,1.75359,1.48759,1.4706,0.000000,1.08228,1.81558,1.40011,1.75801,1.66048,1.0743,1.57633,1.69353,0.892696,0.771995,1.738,1.14736,1.21272,1.76273,1.02827,0.843457,1.12827,1.09486,1.3671,1.43638,1.59729,1.8301,1.29152,1.34388,1.67827,1.75935
2529409,0.969224,1.03667,0.92226,0.98062,0.910611,1.05391,0.773077,1.03083,1.06983,0.833574,0.821551,0.938678,0.813152,0.833811,0.593919,1.03558,0.913603,0.869348,1.00224,0.795723,1.06185,1.08954,1.08705,1.03878,0.955254,1.09549,1.00341,0.862051,0.966894,1.04507,1.16265,0.793111,1.00194,1.07364,0.913246,1.01547,0.652979,0.991167,0.864228,0.773336,1.06441,1.02351,1.12631,1.16142,0.931461,1.03146,0.646852,1.08504,1.02554,0.718934,1.06697,0.677667,1.12388,0.864688,0.927702,0.834454,1.05698,0.885858,1.02032,0.901463,0.856843,0.897077,0.897338,1.03571,0.997206,0.950364,0.992787,1.14034,0.956037,1.19852,1.02843,0.934202,0.837672,1.08228,0.000000,1.03104,0.640109,0.937658,0.898803,0.600654,0.955769,0.951846,1.09154,1.08272,0.980705,1.05287,0.564286,0.963101,0.594497,0.97689,0.998644,0.822629,0.829452,0.749945,0.74009,1.01282,0.892967,0.748208,0.993133,0.983953
9689,1.30535,0.471006,0.430726,0.432482,1.27919,0.426336,1.22052,1.2849,0.35475,1.17704,1.18827,0.391658,1.01734,1.0538,1.16453,0.465571,0.47364,1.64939,0.433535,1.23158,0.196098,0.183623,1.4189,1.67412,0.659408,1.7625,0.227532,1.0342,0.439041,0.422558,1.54724,0.788767,0.395145,0.202844,0.429629,1.34202,1.01549,0.458733,1.37947,1.03407,0.188907,0.355235,1.52574,0.509153,1.13951,0.451695,0.935034,0.408875,0.398698,1.12041,0.156992,1.3419,1.47376,1.15931,1.44721,1.59931,0.154724,1.51634,0.425496,1.55915,1.14304,1.75294,1.24259,1.35928,1.10062,0.397269,0.559537,1.16238,0.426003,1.87365,0.45394,1.15233,1.14865,1.81558,1.03104,0.000000,1.44354,0.41141,0.386641,1.255,0.442259,0.418336,1.62508,1.56426,0.405154,1.49482,1.40073,0.447457,1.24694,1.59785,1.39473,1.14623,1.06289,1.26471,1.67919,0.476668,1.18793,1.08406,0.226842,0.443402
38397,1.16428,1.28025,1.21122,1.31684,1.03879,1.31948,0.837608,0.940885,1.39837,0.874051,0.840785,1.26003,0.781482,1.14696,0.486731,1.41166,1.14888,1.25443,1.30746,0.835893,1.34148,1.41091,1.18287,1.34636,1.15616,1.36833,1.31069,0.833939,1.31932,1.33688,1.31711,0.814477,1.26684,1.38918,1.12212,1.16116,0.827362,1.32369,1.13616,0.810768,1.33226,1.31421,1.28169,1.42571,0.812474,1.34738,0.764577,1.42534,1.31747,0.87075,1.33604,0.21597,1.20566,0.851268,1.1392,1.17996,1.28685,1.12763,1.3067,1.19926,1.01648,1.20993,0.909379,0.990549,1.10847,1.21877,1.28649,1.12748,1.2204,1.30879,1.33239,0.90021,0.886637,1.40011,0.640109,1.44354,0.000000,1.19751,1.16585,0.764069,1.14412,1.20939,1.25595,1.19523,1.24832,1.09337,0.779204,1.20263,0.931804,1.10417,1.15865,0.784648,0.815137,0.806165,0.205179,1.359,0.791992,0.788482,1.22954,1.26084
1118524,1.22732,0.436653,0.403694,0.434906,1.26107,0.425481,1.20309,1.25179,0.335184,1.10649,1.1631,0.385832,0.966842,1.1325,1.0982,0.444721,0.457689,1.62371,0.424138,1.23544,0.403932,0.411349,1.3497,1.66391,0.660152,1.71065,0.374188,0.989253,0.441661,0.425789,1.47664,0.81006,0.410352,0.39832,0.425614,1.30579,0.967425,0.437576,1.30263,1.00962,0.382511,0.355213,1.42689,0.495631,1.02383,0.445105,0.923887,0.388726,0.395629,1.06621,0.391105,1.29887,1.49195,1.05223,1.34327,1.54434,0.371655,1.43517,0.394934,1.47239,1.11625,1.68851,1.16666,1.26619,1.11849,0.406405,0.531263,1.04471,0.430719,1.34726,0.417103,1.09872,1.1238,1.75801,0.937658,0.41141,1.19751,0.000000,0.421524,1.20119,0.426655,0.403639,1.54164,1.50423,0.402347,1.45563,1.37744,0.423703,1.18925,1.56115,1.38965,1.08679,1.04498,1.2549,1.71977,0.451562,1.13485,1.05437,0.384108,0.434171
8969,1.15899,0.394981,0.391506,0.378891,1.15579,0.209807,1.09026,1.17698,0.380532,1.02597,1.07414,0.37497,0.883615,0.985444,1.05732,0.353955,0.427637,1.51873,0.370808,1.13005,0.381651,0.382123,1.21407,1.5294,0.5464,1.64529,0.366318,0.938525,0.396134,0.357259,1.38468,0.700997,0.379407,0.394174,0.391841,1.19715,0.903624,0.429985,1.21786,0.962582,0.389088,0.37932,1.32173,0.459587,0.997402,0.333628,0.8611,0.398488,0.391876,0.984899,0.38873,1.20046,1.29101,0.98875,1.29541,1.4902,0.366303,1.40997,0.357891,1.45033,1.00893,1.62816,1.10281,1.21286,1.02766,0.20218,0.471567,1.08778,0.394239,1.24194,0.408185,1.034,1.0373,1.66048,0.898803,0.386641,1.16585,0.421524,0.000000,1.12502,0.381551,0.206345,1.40867,1.36707,0.340914,1.29835,1.24339,0.396579,1.12349,1.4518,1.20562,1.01057,0.959397,1.12547,1.51033,0.415603,1.02579,0.97711,0.381897,0.418553
37003,1.08052,1.18048,1.03533,1.14149,1.09979,1.21254,0.897477,1.24505,1.2231,1.03899,0.968933,1.09893,1.03035,1.22286,0.7767,1.20275,1.07142,1.01142,1.17732,0.964995,1.18926,1.26134,1.28416,0.813062,1.03585,1.05949,1.13757,1.11066,1.11756,1.20347,0.913768,0.938018,1.19715,1.24965,1.03991,1.12803,0.846161,1.16051,1.09364,0.938809,1.2321,1.17321,0.856439,1.29557,1.22623,1.15427,0.823768,1.26292,1.19646,0.930762,1.22551,0.822228,1.2913,1.10947,1.05026,1.04913,1.15581,0.990188,1.15129,1.13215,0.984563,1.03038,1.11141,1.21395,1.12956,1.09822,1.09165,1.23821,1.08323,1.39213,1.11765,1.21586,1.03965,1.0743,0.600654,1.255,0.764069,1.20119,1.12502,0.000000,1.11296,1.13718,0.882725,0.910846,1.17151,1.16603,0.402321,1.08666,0.931637,1.09942,1.05625,1.05402,1.05431,0.973676,0.893955,1.19073,1.18099,0.936096,1.11704,1.15245
243888,1.27782,0.427409,0.383084,0.35242,1.18521,0.399315,1.0442,1.184,0.396439,1.11968,1.05834,0.32089,0.987763,1.10485,1.11478,0.424812,0.427002,1.42541,0.408935,1.06792,0.423476,0.430909,1.38528,1.48801,0.57423,1.64945,0.40105,0.949438,0.36106,0.41018,1.51616,0.766069,0.343563,0.438313,0.401967,1.28036,0.904358,0.429117,1.27155,0.943583,0.415584,0.389053,1.44555,0.393663,1.12514,0.389443,0.872129,0.409683,0.399793,0.981754,0.422854,1.23131,1.35331,0.999481,1.2589,1.34928,0.403562,1.31819,0.399916,1.40938,1.10202,1.48589,1.17255,1.35124,1.17928,0.372749,0.472455,1.06486,0.336075,1.62915,0.348765,1.05231,1.03973,1.57633,0.955769,0.442259,1.14412,0.426655,0.381551,1.11296,0.000000,0.398677,1.54475,1.39821,0.394892,1.39443,1.2419,0.320664,1.10089,1.34256,1.32195,1.00391,0.944635,1.04494,1.47147,0.423995,1.13882,0.917185,0.393689,0.358055
55661,1.23851,0.402194,0.392102,0.398833,1.22923,0.225169,1.15349,1.23616,0.364837,1.10286,1.1262,0.36365,0.983447,1.21972,1.12811,0.33105,0.441895,1.60725,0.37874,1.18694,0.411299,0.415271,1.38224,1.60056,0.577664,1.69952,0.385733,1.01817,0.403462,0.362972,1.4586,0.79269,0.387039,0.416582,0.399148,1.28434,0.947973,0.418958,1.31696,1.00149,0.391346,0.36358,1.44271,0.425792,1.07677,0.326897,0.907952,0.399996,0.397772,1.03027,0.401791,1.29763,1.41962,1.03368,1.37856,1.49545,0.380641,1.467,0.351986,1.45785,1.10157,1.64057,1.18473,1.3431,1.05001,0.208243,0.485789,1.04509,0.392923,1.4459,0.395027,1.10568,1.10893,1.69353,0.951846,0.418336,1.20939,0.403639,0.206345,1.13718,0.398677,0.000000,1.55472,1.47198,0.335213,1.40669,1.34408,0.379052,1.16759,1.52196,1.35874,1.06776,1.01567,1.18892,1.58876,0.398295,1.14894,1.02225,0.390278,0.416846
1118748,1.1415,1.53644,1.29484,1.46358,1.28546,1.52757,1.318,1.64715,1.51809,1.33047,1.29472,1.4648,1.238,1.19006,1.24903,1.59678,1.42599,0.724915,1.52763,1.3467,1.5433,1.63862,1.29585,0.445198,1.41088,0.830037,1.4922,1.39206,1.4417,1.48629,0.43912,1.20065,1.53614,1.58739,1.39095,1.20832,1.07389,1.43836,0.710317,1.22631,1.56562,1.47004,0.453191,1.64119,1.49505,1.53754,1.10075,1.58651,1.54476,1.11946,1.57341,1.30564,1.5134,1.28689,0.698402,0.73372,1.54802,0.681699,1.52845,0.927831,1.02847,0.680378,1.41526,1.6713,1.39666,1.4428,1.51448,1.46472,1.42531,1.16971,1.4618,1.59955,1.41239,0.892696,1.09154,1.62508,1.25595,1.54164,1.40867,0.882725,1.54475,1.55472,0.000000,0.431491,1.50891,1.21706,1.02843,1.45259,1.09226,0.732716,1.20296,1.19574,1.38698,1.26266,1.45056,1.52587,1.42761,1.24872,1.4213,1.50151
48426,1.13631,1.50033,1.29259,1.4176,1.27084,1.44932,1.24332,1.69859,1.45509,1.32849,1.28815,1.35808,1.33352,1.0688,1.21235,1.52397,1.34201,0.666292,1.47549,1.28053,1.45742,1.53658,1.36012,0.41048,1.35042,0.708384,1.42744,1.38367,1.39608,1.46015,0.289724,1.20472,1.47218,1.5308,1.30049,1.19413,1.02661,1.40907,0.703583,1.21664,1.50986,1.40172,0.350227,1.6249,1.60799,1.44181,1.04213,1.54512,1.49781,1.12434,1.53269,1.24913,1.36825,1.35472,0.648092,0.684718,1.42536,0.614753,1.4417,0.914898,1.01212,0.61758,1.46152,1.72287,1.4225,1.36716,1.44028,1.59429,1.35372,1.11185,1.41902,1.55466,1.41087,0.771995,1.08272,1.56426,1.19523,1.50423,1.36707,0.910846,1.39821,1.47198,0.431491,0.000000,1.44297,1.33108,1.06851,1.39979,1.11084,0.710793,1.17455,1.28743,1.43372,1.31098,1.3641,1.51364,1.55301,1.27498,1.40069,1.49979
9595,1.21947,0.358051,0.395314,0.412099,1.19328,0.358577,1.16064,1.25382,0.343561,1.10751,1.14282,0.370551,0.964013,1.33637,1.16175,0.389466,0.429546,1.6453,0.380353,1.1949,0.396343,0.404692,1.32392,1.64266,0.578157,1.72292,0.371808,1.00048,0.42312,0.328009,1.51833,0.758829,0.400097,0.403887,0.398663,1.28516,0.972602,0.433944,1.31319,1.03354,0.381889,0.354192,1.4609,0.444919,1.08089,0.365494,0.946167,0.373477,0.385248,1.07169,0.394007,1.30195,1.40032,1.08404,1.34832,1.5351,0.37447,1.47894,0.302966,1.50414,1.05739,1.67883,1.17904,1.31225,1.09255,0.339198,0.444044,1.07602,0.399557,1.36477,0.399452,1.1034,1.10568,1.738,0.980705,0.405154,1.24832,0.402347,0.340914,1.17151,0.394892,0.335213,1.50891,1.44297,0.000000,1.38621,1.37337,0.373458,1.1788,1.50655,1.34786,1.07248,1.03994,1.19897,1.6398,0.344685,1.09953,1.02328,0.380031,0.41602
9407,0.479576,1.40398,1.2546,1.31767,1.2087,1.38539,1.05448,1.47832,1.40797,1.20629,1.14226,1.27678,1.18929,0.993068,1.11426,1.41944,1.25697,1.04851,1.38038,1.09731,1.40517,1.50586,0.172106,1.14345,1.27568,1.30771,1.32471,1.22038,1.29612,1.41762,1.36796,1.15663,1.38065,1.46232,1.23431,0.503208,1.02251,1.37824,1.09722,1.04039,1.45239,1.36455,1.2513,1.5008,1.43824,1.42612,0.967934,1.45058,1.42801,1.08192,1.44253,1.16554,1.39365,1.27687,1.05825,1.06264,1.33385,0.984542,1.35709,1.10102,0.461876,1.04034,1.30677,1.41755,1.34822,1.28742,1.34779,1.41589,1.27888,1.60992,1.35712,1.4081,1.19552,1.14736,1.05287,1.49482,1.09337,1.45563,1.29835,1.16603,1.39443,1.40669,1.21706,1.33108,1.38621,0.000000,1.13795,1.29572,1.12996,1.13097,0.472279,1.23444,1.19088,1.12705,1.32777,1.3892,1.43974,1.08016,1.32211,1.32221
121530,1.05255,1.34686,1.15072,1.25758,1.07423,1.3394,0.988862,1.25593,1.36721,1.03861,1.00581,1.23997,0.940747,1.13281,0.771843,1.37503,1.1836,1.11859,1.33101,1.06741,1.33019,1.4011,1.18316,0.956949,1.16349,1.17474,1.27568,1.05911,1.24594,1.30211,1.06459,0.906542,1.31054,1.35643,1.16407,1.11763,0.876649,1.26054,1.11245,0.955291,1.35582,1.30386,0.981917,1.41041,1.08347,1.30082,0.84533,1.38879,1.34987,0.947223,1.34911,0.854029,1.27755,0.984535,1.07455,1.13216,1.29383,1.1156,1.32517,1.20007,0.953056,1.15436,1.09075,1.13868,1.15647,1.22516,1.30452,1.19168,1.24219,1.25903,1.29036,1.16093,1.1145,1.21272,0.564286,1.40073,0.779204,1.37744,1.24339,0.402321,1.2419,1.34408,1.02843,1.06851,1.37337,1.13795,0.000000,1.22198,0.92135,1.13786,1.02804,0.943449,1.00593,1.02544,0.91636,1.27004,1.03018,0.942923,1.19992,1.25927
1961834,1.25551,0.414204,0.388795,0.353711,1.15642,0.370738,1.15794,1.20625,0.365723,1.12272,1.13442,0.315272,0.962909,1.20183,1.12576,0.423826,0.424617,1.61812,0.399114,1.18058,0.424922,0.406891,1.3695,1.59489,0.581581,1.71382,0.366336,0.97289,0.367757,0.410588,1.46143,0.722991,0.346005,0.433942,0.387744,1.26413,0.951741,0.364459,1.27815,0.981215,0.394299,0.376369,1.40007,0.326354,1.0618,0.363662,0.910861,0.395307,0.40085,1.0448,0.426581,1.26267,1.32487,1.03542,1.32979,1.51582,0.399286,1.4744,0.391138,1.44334,1.1313,1.68156,1.15656,1.27247,1.08293,0.349733,0.471431,1.01665,0.327234,1.51367,0.340704,1.07818,1.09624,1.76273,0.963101,0.447457,1.20263,0.423703,0.396579,1.08666,0.320664,0.379052,1.45259,1.39979,0.373458,1.29572,1.22198,0.000000,1.15383,1.50978,1.30148,1.05311,1.00152,1.19016,1.63476,0.433559,1.12673,1.01997,0.371924,0.360234
202946,1.06193,1.16623,1.01099,1.1357,0.915001,1.2017,0.864599,1.15352,1.16903,0.857619,0.927392,1.08578,0.81497,0.92018,0.854606,1.21766,1.05565,0.8126,1.13912,0.8661,1.18304,1.22148,1.12601,1.0377,1.09335,1.03976,1.13113,0.930377,1.10129,1.19797,1.10502,0.889483,1.13776,1.1749,1.03747,1.07546,0.600383,1.14006,0.796655,0.835957,1.19923,1.12796,1.09075,1.24032,0.956526,1.19037,0.748433,1.20248,1.13297,0.738496,1.21108,0.988262,1.07874,0.732375,0.828772,0.746525,1.15098,0.841758,1.11601,0.827599,0.954608,0.785939,0.91794,1.09883,0.953424,1.0989,1.14071,1.11109,1.08201,1.10925,1.15475,1.02431,0.933902,1.02827,0.594497,1.24694,0.931804,1.18925,1.12349,0.931637,1.10089,1.16759,1.09226,1.11084,1.1788,1.12996,0.92135,1.15383,0.000000,0.898365,1.06009,0.680616,0.925357,0.861501,1.07143,1.17943,0.919583,0.855412,1.08065,1.10905
283035,1.0575,1.41665,1.36174,1.44915,1.13386,1.49917,1.11337,1.39977,1.56345,1.08622,1.17614,1.40916,1.00576,1.09122,1.07093,1.60292,1.30316,0.604241,1.50374,1.15701,1.53293,1.60217,1.1559,0.733201,1.29669,0.876893,1.49162,1.1778,1.43413,1.52413,0.753787,1.05733,1.43034,1.58145,1.28576,1.08987,0.93547,1.50909,0.626252,1.07464,1.55606,1.44912,0.718767,1.61825,1.14732,1.53606,0.95723,1.5867,1.53412,1.02377,1.55306,1.17641,1.30295,1.01239,0.220237,0.630235,1.50094,0.231461,1.5043,0.81951,0.967784,0.496172,1.12812,1.41222,1.54395,1.4023,1.36007,1.37923,1.36218,1.11275,1.47714,1.28541,1.21695,0.843457,0.97689,1.59785,1.10417,1.56115,1.4518,1.09942,1.34256,1.52196,0.732716,0.710793,1.50655,1.13097,1.13786,1.50978,0.898365,0.000000,1.05277,0.967468,1.17215,1.12492,1.29299,1.53445,1.07758,1.09509,1.39476,1.48166
9083,0.341369,1.31769,1.2042,1.29723,1.20781,1.31757,1.04226,1.38101,1.35222,1.15525,1.13673,1.25154,1.09293,1.10473,1.10771,1.40472,1.28094,1.06783,1.32099,1.09352,1.33715,1.42519,0.474939,1.13282,1.24743,1.21572,1.25976,1.15591,1.29385,1.31191,1.20793,1.13319,1.33457,1.38542,1.21368,0.335378,0.994762,1.30648,1.06184,0.993359,1.3247,1.27548,1.1629,1.46249,1.28376,1.34277,1.04195,1.451,1.38151,1.0505,1.31731,1.20276,1.34401,1.16569,0.986354,1.08842,1.28286,1.01518,1.30081,1.15753,0.336041,1.03812,1.22836,1.28816,1.37084,1.23099,1.32687,1.32715,1.24378,1.31159,1.33306,1.25251,1.22273,1.12827,0.998644,1.39473,1.15865,1.38965,1.20562,1.05625,1.32195,1.35874,1.20296,1.17455,1.34786,0.472279,1.02804,1.30148,1.06009,1.05277,0.000000,1.0818,1.09149,1.03093,1.25762,1.30966,1.19775,1.04044,1.20324,1.2698
176938,1.21546,1.01465,0.952805,1.02055,0.873967,1.10038,0.698609,0.857772,1.10677,0.602928,0.731608,1.0006,0.632288,0.877493,0.775792,1.09489,0.942238,0.91435,1.04971,0.719727,1.07765,1.1306,1.29891,1.09696,0.924873,1.13555,1.04808,0.746954,1.01386,1.08341,1.27625,0.808857,1.05808,1.10505,0.905047,1.20556,0.68861,1.05858,1.03233,0.688955,1.09883,1.04875,1.22953,1.14508,0.738196,1.0485,0.639196,1.14268,1.08922,0.730446,1.10634,0.820233,0.981878,0.211057,0.905204,0.920578,1.06113,0.878103,1.03386,1.00854,1.06408,0.880444,0.630191,0.949441,0.98206,0.980684,1.00138,1.10517,0.974651,1.45877,1.06214,0.834591,0.730819,1.09486,0.822629,1.14623,0.784648,1.08679,1.01057,1.05402,1.00391,1.06776,1.19574,1.28743,1.07248,1.23444,0.943449,1.05311,0.680616,0.967468,1.0818,0.000000,0.73151,0.69685,0.893493,1.13163,0.719143,0.69487,1.05568,1.05337
317792,1.16913,0.960646,0.898924,0.993469,0.933142,1.00799,0.573701,0.384111,1.03462,0.730687,0.590739,0.935428,0.731354,1.03567,0.78358,1.05149,0.873406,1.22287,0.987201,0.598071,1.02573,1.0691,1.25038,1.32214,0.852768,1.38369,0.976543,0.194047,0.969983,1.02919,1.45811,0.696939,0.976691,1.07095,0.851653,1.11777,0.657484,0.998363,1.17753,0.556654,1.01316,0.984273,1.37597,1.07443,0.823351,1.02764,0.50311,1.07023,1.00928,0.689286,1.04288,0.876484,1.09746,0.775084,1.11679,1.21314,0.967959,1.11526,1.01901,1.22172,1.04628,1.2285,0.757275,0.914589,1.04543,0.922516,0.965707,1.2251,0.951497,1.49902,1.00068,0.647755,0.580714,1.3671,0.829452,1.06289,0.815137,1.04498,0.959397,1.05431,0.944635,1.01567,1.38698,1.43372,1.03994,1.19088,1.00593,1.00152,0.925357,1.17215,1.09149,0.73151,0.000000,0.573608,0.944753,1.01296,0.801614,0.550207,0.965777,0.966987
98964,1.11378,1.14019,1.09517,1.1517,0.929118,1.16236,0.32831,0.645333,1.21952,0.744001,0.36113,1.10027,0.73882,0.846199,0.748559,1.27351,1.00478,1.38218,1.14457,0.235746,1.1912,1.23848,1.12188,1.33396,0.959602,1.44817,1.10409,0.572897,1.18162,1.15663,1.3535,0.694635,1.10146,1.23283,0.980122,1.05481,0.701122,1.19374,1.11751,0.357555,1.19639,1.15389,1.31304,1.23858,0.766957,1.2532,0.566979,1.2417,1.16476,0.730456,1.19078,0.879261,1.07514,0.726135,1.05255,1.28402,1.147,1.10667,1.19042,1.23818,0.994835,1.30827,0.783671,0.811266,1.01352,1.10342,1.12864,1.1064,1.05677,1.33236,1.20638,0.36755,0.619143,1.43638,0.749945,1.26471,0.806165,1.2549,1.12547,0.973676,1.04494,1.18892,1.26266,1.31098,1.19897,1.12705,1.02544,1.19016,0.861501,1.12492,1.03093,0.69685,0.573608,0.000000,0.977058,1.27289,0.791891,0.588896,1.11984,1.1865
10020,1.48766,1.59857,1.49613,1.67486,1.10317,1.6115,1.01205,1.12501,1.67642,1.02393,0.989336,1.57205,0.871307,1.54667,0.53634,1.7361,1.36838,1.4928,1.55234,1.00924,1.5894,1.69709,1.35799,1.47646,1.35804,1.58547,1.53438,0.970718,1.66746,1.58711,1.50196,0.93769,1.54441,1.66375,1.34619,1.37657,0.92378,1.62561,1.30346,0.913125,1.61353,1.59875,1.50974,1.61907,0.915665,1.65804,0.858773,1.71281,1.593,0.985405,1.60761,0.266615,1.30206,0.900055,1.22891,1.37941,1.53444,1.29885,1.58695,1.39167,1.1305,1.39324,1.07045,1.1146,1.16311,1.49749,1.55699,1.16349,1.46585,1.44539,1.62727,1.01818,1.08313,1.59729,0.74009,1.67919,0.205179,1.71977,1.51033,0.893955,1.47147,1.58876,1.45056,1.3641,1.6398,1.32777,0.91636,1.63476,1.07143,1.29299,1.25762,0.893493,0.944753,0.977058,0.000000,1.60809,0.94731,0.921931,1.39486,1.55644
176946,1.24766,0.364466,0.446264,0.465052,1.15063,0.414786,1.27625,1.32561,0.398096,1.20295,1.25431,0.424908,1.02717,1.19757,1.21047,0.438442,0.493794,1.69113,0.422781,1.30038,0.473504,0.46415,1.35461,1.70375,0.691569,1.73557,0.439184,1.03889,0.489956,0.366976,1.52765,0.84182,0.443491,0.461858,0.446162,1.35078,1.04565,0.472381,1.35445,1.07784,0.445229,0.391863,1.47895,0.494003,1.1283,0.432878,0.97871,0.436867,0.431333,1.14699,0.459099,1.4018,1.29931,1.13584,1.42152,1.60541,0.427352,1.54886,0.313648,1.5238,1.18057,1.77056,1.25523,1.39865,1.14445,0.397474,0.476344,1.068,0.445425,1.58445,0.448723,1.15721,1.18747,1.8301,1.01282,0.476668,1.359,0.451562,0.415603,1.19073,0.423995,0.398295,1.52587,1.51364,0.344685,1.3892,1.27004,0.433559,1.17943,1.53445,1.30966,1.13163,1.01296,1.27289,1.60809,0.000000,1.23702,1.12444,0.431423,0.461175
28713,1.29984,1.10073,0.970194,1.06071,0.885524,1.12021,0.770704,1.02921,1.12444,0.377928,0.770124,1.03335,0.267519,0.970883,0.883942,1.16201,0.969211,1.07691,1.1291,0.754296,1.1379,1.21678,1.49385,1.2152,0.961671,1.42312,1.09869,0.844857,1.05069,1.10226,1.53405,0.822862,1.09189,1.1686,0.943917,1.28124,0.786207,1.10396,1.21127,0.747568,1.16626,1.10943,1.43813,1.25896,0.289714,1.11179,0.682454,1.22662,1.16836,0.857875,1.15935,0.87082,1.09478,0.771884,1.04074,1.08447,1.10914,0.957809,1.09336,1.22917,1.08642,1.01523,0.409804,1.14588,1.04654,1.04875,1.06563,1.20555,1.03648,1.68779,1.09978,0.961859,0.826045,1.29152,0.892967,1.18793,0.791992,1.13485,1.02579,1.18099,1.13882,1.14894,1.42761,1.55301,1.09953,1.43974,1.03018,1.12673,0.919583,1.07758,1.19775,0.719143,0.801614,0.791891,0.94731,1.23702,0.000000,0.79714,1.1096,1.16292
38626,1.10034,0.989627,0.935759,0.98563,0.847122,1.01506,0.629302,0.6268,1.04192,0.724841,0.606458,0.930544,0.713339,0.89561,0.708228,1.10147,0.879308,1.22959,0.993276,0.616176,1.02447,1.06985,1.13287,1.23509,0.828695,1.3223,0.973859,0.558284,0.995476,0.986946,1.28509,0.654329,0.962305,1.05923,0.858159,1.06499,0.63697,1.02009,1.06088,0.592793,1.02705,0.990046,1.30649,1.1086,0.775851,1.06156,0.504591,1.09004,1.01718,0.673186,1.01814,0.851769,1.05339,0.718127,1.02696,1.13817,0.98353,1.05538,1.00715,1.13212,0.967523,1.14602,0.763866,0.928528,1.00361,0.946144,0.985538,1.04224,0.928772,1.19298,1.01752,0.66493,0.279044,1.34388,0.748208,1.08406,0.788482,1.05437,0.97711,0.936096,0.917185,1.02225,1.24872,1.27498,1.02328,1.08016,0.942923,1.01997,0.855412,1.09509,1.04044,0.69487,0.550207,0.588896,0.921931,1.12444,0.79714,0.000000,0.950099,0.986894
59729,1.31596,0.415166,0.402712,0.402526,1.2176,0.39349,1.08695,1.20897,0.340746,1.13882,1.11063,0.367972,0.973409,1.04442,1.11645,0.412051,0.449673,1.4614,0.394959,1.13631,0.232351,0.229738,1.3171,1.50726,0.539359,1.61957,0.237425,0.98695,0.410222,0.400461,1.44998,0.830549,0.378286,0.225199,0.400191,1.30663,1.00233,0.40602,1.31492,0.983753,0.217454,0.330478,1.42851,0.405286,1.09862,0.40807,0.936673,0.385928,0.368351,1.05995,0.219592,1.2788,1.33625,1.03953,1.33115,1.4674,0.210162,1.40621,0.383677,1.4678,1.08667,1.55012,1.19708,1.2848,1.2533,0.361811,0.483779,1.16801,0.378082,1.48596,0.41135,1.07623,1.06695,1.67827,0.993133,0.226842,1.22954,0.384108,0.381897,1.11704,0.393689,0.390278,1.4213,1.40069,0.380031,1.32211,1.19992,0.371924,1.08065,1.39476,1.20324,1.05568,0.965777,1.11984,1.39486,0.431423,1.1096,0.950099,0.000000,0.406152
8469,1.31896,0.455365,0.417823,0.349119,1.1689,0.427948,1.19636,1.26931,0.375181,1.15834,1.17123,0.297488,1.01044,1.1043,1.17996,0.447359,0.46449,1.59167,0.412571,1.22472,0.443238,0.45844,1.32542,1.64174,0.666264,1.6861,0.417769,0.999447,0.343218,0.447862,1.50981,0.820702,0.338155,0.418344,0.423036,1.29466,1.00895,0.43037,1.27539,1.0266,0.416786,0.401216,1.48376,0.422405,1.07825,0.448446,0.945956,0.375287,0.383012,1.08222,0.429054,1.33301,1.3848,1.08029,1.40164,1.51593,0.410364,1.50918,0.420593,1.44669,1.12229,1.73366,1.20557,1.34509,1.11726,0.403856,0.539203,1.03358,0.36769,1.8122,0.227215,1.15127,1.13258,1.75935,0.983953,0.443402,1.26084,0.434171,0.418553,1.15245,0.358055,0.416846,1.50151,1.49979,0.41602,1.32221,1.25927,0.360234,1.10905,1.48166,1.2698,1.05337,0.966987,1.1865,1.55644,0.461175,1.16292,0.986894,0.406152,0.000000
